Tipo de operación,Producto y/o Servicio ,Subproducto,Causa ,Código de Producto ,Código de Causa ,CONSULTA ,RECLAMACIÓN ,ACLARACIÓN 
Operaciones Activas ,Arrendamiento Financiero ,Crédito Simple (AF) ,Información sobre la actualización de historial crediticio ,'025710991158 ,'1200 ,SI ,,
Operaciones Activas ,Arrendamiento Financiero ,Crédito Simple (AF) ,Incumplimiento en la entrega de documentos ,'025710991158 ,'0162 ,,SI ,
Operaciones Activas ,Arrendamiento Financiero ,Crédito Simple (AF) ,Inconformidad con el cobro de las rentas establecidas ,'025710991158 ,'0523 ,,SI ,SI 
Operaciones Activas ,Arrendamiento Financiero ,Crédito Simple (AF) ,Inconformidad con el proveedor de los bienes y/o con las especificaciones y características de estos de acuerdo con lo pactado en el contrato ,'025710991158 ,'0525 ,,SI ,
Operaciones Activas ,Arrendamiento Financiero ,Crédito Simple (AF) ,Pago electrónico mal aplicado total o parcialmente ,'025710991158 ,'0533 ,,SI ,SI 
Operaciones Activas ,Arrendamiento Financiero ,Crédito Simple (AF) ,Actualización de historial crediticio no realizada ,'025710991158 ,'0730 ,,SI ,
Operaciones Activas ,Arrendamiento Financiero ,Crédito Simple (AF) ,"La Institución no entrega la carta liberación de adeudos y/o carta finiquito, factura, garantía, gravamen, 1er testimonio ",'025710991158 ,'0858 ,,SI ,
Operaciones Activas ,Arrendamiento Financiero ,Crédito Simple (AF) ,Inconformidad con el cobro de los gastos financieros y/o accesorios establecidos ,'025710991158 ,'0965 ,,SI ,
Operaciones Activas ,Arrendamiento Financiero ,Crédito Simple (AF) ,"Inconformidad con el cobro de productos o servicios no contratados por el Usuario, cliente y/o socio ",'025710991158 ,'0967 ,,SI ,
Operaciones Activas ,Arrendamiento Financiero ,Crédito Simple (AF) ,"Inconformidad con el cobro de remanentes a favor del Usuario, cliente y/o socio ",'025710991158 ,'0969 ,,SI ,SI 
Operaciones Activas ,Arrendamiento Financiero ,Crédito Simple (AF) ,Incumplimiento con los términos del contrato ,'025710991158 ,'1042 ,,SI ,
Operaciones Activas ,Arrendamiento Financiero ,Crédito Simple (AF) ,Negativa a cumplir con la conclusión anticipada establecida en el contrato ,'025710991158 ,'1064 ,,SI ,
Operaciones Activas ,Arrendamiento Financiero ,Crédito Simple (AF) ,Orientación sobre el funcionamiento de productos y servicios financieros ,'025710991158 ,'1079 ,SI ,,
Operaciones Activas ,Arrendamiento Financiero ,Crédito Simple (AF) ,Pago o depósito no aplicado total o parcialmente al producto o servicio ,'025710991158 ,'1081 ,,SI ,SI 
Operaciones Activas ,Arrendamiento Financiero ,Crédito Simple (AF) ,"Información para la entrega de la carta liberación de adeudos y/o carta finiquito, factura, garantía, gravamen, 1er testimonio ",'025710991158 ,'1221 ,SI ,,
Operaciones Activas ,Arrendamiento Financiero ,Crédito Simple (AF) ,"Disposición de efectivo en ventanilla y/o sucursal no reconocida por el Usuario, cliente y/o socio ",'025710991158 ,'1236 ,,SI ,
Operaciones Activas ,Arrendamiento Financiero ,Crédito Simple (AF) ,"Disposición de efectivo en cajero automático no reconocida por el Usuario, cliente y/o socio ",'025710991158 ,'1237 ,,SI ,
Operaciones Activas ,Crédito ABCD ,Crédito Simple (ABCD) ,Solicitud de estados de cuenta no atendida ,'025711001159 ,'0188 ,,SI ,
Operaciones Activas ,Crédito ABCD ,Crédito Simple (ABCD) ,Actualización de historial crediticio no realizada ,'025711001159 ,'0730 ,,SI ,
Operaciones Activas ,Crédito ABCD ,Crédito Simple (ABCD) ,No entrega de acuse de recepción de la aclaración ,'025711001159 ,'0770 ,,SI ,
Operaciones Activas ,Crédito ABCD ,Crédito Simple (ABCD) ,Inconformidad con la recepción de pagos ,'025711001159 ,'0353 ,,SI ,
Operaciones Activas ,Crédito ABCD ,Crédito Simple (ABCD) ,Cargo indebido de intereses y gastos de cobranza ,'025711001159 ,'0367 ,,SI ,SI 
Operaciones Activas ,Crédito ABCD ,Crédito Simple (ABCD) ,Inconformidad con el cobro de comisiones y/o gastos de investigación ,'025711001159 ,'0413 ,,SI ,SI 
Operaciones Activas ,Crédito ABCD ,Crédito Simple (ABCD) ,Inconformidad con el saldo del crédito o del monto de las amortizaciones ,'025711001159 ,'0577 ,,SI ,SI 
Operaciones Activas ,Crédito ABCD ,Crédito Simple (ABCD) ,Inconformidad con el monto de los gastos de apertura del crédito ,'025711001159 ,'0582 ,,SI ,SI 
Operaciones Activas ,Crédito ABCD ,Crédito Simple (ABCD) ,Crédito aprobado sin la entrega de recursos ,'025711001159 ,'0583 ,,SI ,
Operaciones Activas ,Crédito ABCD ,Crédito Simple (ABCD) ,Inconformidad con el monto de las primas de los seguros por lo que respecta a la amortización ,'025711001159 ,'0611 ,,SI ,SI 
Operaciones Activas ,Crédito ABCD ,Crédito Simple (ABCD) ,Negociación de créditos (Orientación) ,'025711001159 ,'0666 ,SI ,,
Operaciones Activas ,Crédito ABCD ,Crédito Simple (ABCD) ,Consulta de saldos y movimientos no atendida ,'025711001159 ,'0712 ,,SI ,
Operaciones Activas ,Crédito ABCD ,Crédito Simple (ABCD) ,Beneficios no aplicados al crédito ,'025711001159 ,'0732 ,,SI ,
Operaciones Activas ,Crédito ABCD ,Crédito Simple (ABCD) ,"Cobro de nuevas comisiones sin aviso previo al Usuario, cliente y/o socio ",'025711001159 ,'0734 ,,SI ,
Operaciones Activas ,Crédito ABCD ,Crédito Simple (ABCD) ,Inconformidad con el monto de las primas devengadas del seguro vinculado ,'025711001159 ,'0751 ,,SI ,SI 
Operaciones Activas ,Crédito ABCD ,Crédito Simple (ABCD) ,No entrega de saldo a favor al cancelar el producto ,'025711001159 ,'0758 ,,SI ,
Operaciones Activas ,Crédito ABCD ,Crédito Simple (ABCD) ,Otorgamiento de crédito a menores ,'025711001159 ,'0761 ,,SI ,
Operaciones Activas ,Crédito ABCD ,Crédito Simple (ABCD) ,Cobro de comisión por pago efectuado no aplicado ,'025711001159 ,'0840 ,,SI ,SI 
Operaciones Activas ,Crédito ABCD ,Crédito Simple (ABCD) ,Crédito no reconocido en el historial crediticio ,'025711001159 ,'0835 ,,SI ,
Operaciones Activas ,Crédito ABCD ,Crédito Simple (ABCD) ,"La Institución no entrega la carta liberación de adeudos y/o carta finiquito, factura, garantía, gravamen, 1er testimonio ",'025711001159 ,'0858 ,,SI ,
Operaciones Activas ,Crédito ABCD ,Crédito Simple (ABCD) ,Cobro no reconocido de intereses ordinarios y/o moratorios ,'025711001159 ,'0841 ,,SI ,SI 
Operaciones Activas ,Crédito ABCD ,Crédito Simple (ABCD) ,Convenio/reestructura de pago no respetado por la Institución ,'025711001159 ,'0842 ,,SI ,
Operaciones Activas ,Crédito ABCD ,Crédito Simple (ABCD) ,Eliminación de historial crediticio no realizada ,'025711001159 ,'0844 ,,SI ,
Operaciones Activas ,Crédito ABCD ,Crédito Simple (ABCD) ,Inconformidad con el cobro de comisión por pago anticipado no pactada en el contrato ,'025711001159 ,'0851 ,,SI ,SI 
Operaciones Activas ,Crédito ABCD ,Crédito Simple (ABCD) ,Inconformidad con el cobro de comisión no reconocida o no pactada en el contrato ,'025711001159 ,'0849 ,,SI ,
Operaciones Activas ,Crédito ABCD ,Crédito Simple (ABCD) ,Inconformidad con el cobro de comisión por cancelación del crédito ,'025711001159 ,'0850 ,,SI ,SI 
Operaciones Activas ,Crédito ABCD ,Crédito Simple (ABCD) ,Inconformidad con el cobro de intereses moratorios y accesorios durante el proceso de aclaración ,'025711001159 ,'0853 ,,SI ,
Operaciones Activas ,Crédito ABCD ,Crédito Simple (ABCD) ,Inconformidad con el cobro de intereses no pactados en el contrato ,'025711001159 ,'0854 ,,SI ,
Operaciones Activas ,Crédito ABCD ,Crédito Simple (ABCD) ,Inconformidad con el monto de la prima de los seguros y/o con la forma del pago del mismo ,'025711001159 ,'0855 ,,SI ,SI 
Operaciones Activas ,Crédito ABCD ,Crédito Simple (ABCD) ,"Inconformidad con el cobro de productos o servicios no contratados por el Usuario, cliente y/o socio ",'025711001159 ,'0967 ,,SI ,
Operaciones Activas ,Crédito ABCD ,Crédito Simple (ABCD) ,"Inconformidad con el cobro de remanentes a favor del Usuario, cliente y/o socio ",'025711001159 ,'0969 ,,SI ,SI 
Operaciones Activas ,Crédito ABCD ,Crédito Simple (ABCD) ,Inconformidad con la aclaración de los términos del contrato ,'025711001159 ,'1005 ,,SI ,
Operaciones Activas ,Crédito ABCD ,Crédito Simple (ABCD) ,"Crédito otorgado sin ser solicitado ni autorizado por el Usuario, cliente y/o socio ",'025711001159 ,'0913 ,,SI ,
Operaciones Activas ,Crédito ABCD ,Crédito Simple (ABCD) ,"El Usuario, cliente y/o socio no recibió el estado de cuenta con la leyenda de liquidación ",'025711001159 ,'0939 ,,SI ,
Operaciones Activas ,Crédito ABCD ,Crédito Simple (ABCD) ,"El Usuario, cliente y/o socio no reconoce haber celebrado contrato con la Institución ",'025711001159 ,'0940 ,,SI ,
Operaciones Activas ,Crédito ABCD ,Crédito Simple (ABCD) ,Inconformidad con el cobro de comisión y accesorios por cancelación de crédito en términos de lo dispuesto en el contrato ,'025711001159 ,'0963 ,,SI ,SI 
Operaciones Activas ,Crédito ABCD ,Crédito Simple (ABCD) ,Inconformidad con la no aceptación de pago con otro medio diferente al efectivo ,'025711001159 ,'1011 ,,SI ,
Operaciones Activas ,Crédito ABCD ,Crédito Simple (ABCD) ,Incumplimiento con los términos del contrato ,'025711001159 ,'1042 ,,SI ,
Operaciones Activas ,Crédito ABCD ,Crédito Simple (ABCD) ,Negativa a cumplir con la conclusión anticipada establecida en el contrato ,'025711001159 ,'1064 ,,SI ,
Operaciones Activas ,Crédito ABCD ,Crédito Simple (ABCD) ,Orientación sobre el funcionamiento de productos y servicios financieros ,'025711001159 ,'1079 ,SI ,,
Operaciones Activas ,Crédito ABCD ,Crédito Simple (ABCD) ,Pago o depósito no aplicado total o parcialmente al producto o servicio ,'025711001159 ,'1081 ,,SI ,SI 
Operaciones Activas ,Crédito ABCD ,Crédito Simple (ABCD) ,Información sobre la actualización de historial crediticio ,'025711001159 ,'1200 ,SI ,,
Operaciones Activas ,Crédito ABCD ,Crédito Simple (ABCD) ,"Información para la entrega de la carta liberación de adeudos y/o carta finiquito, factura, garantía, gravamen, 1er testimonio ",'025711001159 ,'1221 ,SI ,,
Operaciones Activas ,Crédito ABCD ,Crédito Simple (ABCD) ,"Modificación de comisiones sin aviso previo al Usuario, cliente y/o socio ",'025711001159 ,'1058 ,,SI ,
Operaciones Activas ,Crédito ABCD ,Crédito Simple (ABCD) ,"Modificación de tasa contractual sin aviso previo al Usuario, cliente y/o socio ",'025711001159 ,'1060 ,,SI ,
Operaciones Activas ,Crédito ABCD ,Crédito Simple (ABCD) ,No entrega de tabla de amortización al momento de formalizar el contrato ,'025711001159 ,'1074 ,,SI ,
Operaciones Activas ,Crédito ABCD ,Crédito Simple (ABCD) ,"No envío de estados de cuenta al domicilio del Usuario, cliente y/o socio ",'025711001159 ,'1075 ,,SI ,
Operaciones Activas ,Crédito ABCD ,Crédito Simple (ABCD) ,"Promociones, meses sin intereses, sorteos o premios no entregados o aplicados al Usuario, cliente y/o socio ",'025711001159 ,'1086 ,,SI ,SI 
Operaciones Activas ,Crédito ABCD ,Crédito Simple (ABCD) ,Solicitud de cancelación de producto o servicio no atendida y/o no aplicada ,'025711001159 ,'1101 ,,SI ,
Operaciones Activas ,Crédito ABCD ,Crédito Simple (ABCD) ,Consulta del monto de las primas de los seguros por lo que respecta a la amortización ,'025711001159 ,'1204 ,SI ,,
Operaciones Activas ,Crédito ABCD ,Crédito Simple (ABCD) ,Solicitud de estados de cuenta ,'025711001159 ,'1207 ,SI ,,
Operaciones Activas ,Crédito ABCD ,Crédito Simple (ABCD) ,Información del cobro de intereses ordinarios y/o moratorios ,'025711001159 ,'1211 ,SI ,,
Operaciones Activas ,Crédito ABCD ,Crédito Simple (ABCD) ,Información para la cancelación de producto o servicio ,'025711001159 ,'1217 ,SI ,,
Operaciones Activas ,Crédito ABCD ,Crédito Cuenta Corriente (ABCD) ,Solicitud de estados de cuenta no atendida ,'025711001160 ,'0188 ,,SI ,
Operaciones Activas ,Crédito ABCD ,Crédito Cuenta Corriente (ABCD) ,Inconformidad con la recepción de pagos ,'025711001160 ,'0353 ,,SI ,
Operaciones Activas ,Crédito ABCD ,Crédito Cuenta Corriente (ABCD) ,Cargo indebido de intereses y gastos de cobranza ,'025711001160 ,'0367 ,,SI ,SI 
Operaciones Activas ,Crédito ABCD ,Crédito Cuenta Corriente (ABCD) ,Inconformidad con el cobro de comisiones y/o gastos de investigación ,'025711001160 ,'0413 ,,SI ,SI 
Operaciones Activas ,Crédito ABCD ,Crédito Cuenta Corriente (ABCD) ,Inconformidad con el saldo del crédito o del monto de las amortizaciones ,'025711001160 ,'0577 ,,SI ,SI 
Operaciones Activas ,Crédito ABCD ,Crédito Cuenta Corriente (ABCD) ,Inconformidad con el monto de los gastos de apertura del crédito ,'025711001160 ,'0582 ,,SI ,SI 
Operaciones Activas ,Crédito ABCD ,Crédito Cuenta Corriente (ABCD) ,Crédito aprobado sin la entrega de recursos ,'025711001160 ,'0583 ,,SI ,
Operaciones Activas ,Crédito ABCD ,Crédito Cuenta Corriente (ABCD) ,Inconformidad con el monto de las primas de los seguros por lo que respecta a la amortización ,'025711001160 ,'0611 ,,SI ,SI 
Operaciones Activas ,Crédito ABCD ,Crédito Cuenta Corriente (ABCD) ,Negociación de créditos (Orientación) ,'025711001160 ,'0666 ,SI ,,
Operaciones Activas ,Crédito ABCD ,Crédito Cuenta Corriente (ABCD) ,Consulta de saldos y movimientos no atendida ,'025711001160 ,'0712 ,,SI ,
Operaciones Activas ,Crédito ABCD ,Crédito Cuenta Corriente (ABCD) ,Actualización de historial crediticio no realizada ,'025711001160 ,'0730 ,,SI ,
Operaciones Activas ,Crédito ABCD ,Crédito Cuenta Corriente (ABCD) ,Beneficios no aplicados al crédito ,'025711001160 ,'0732 ,,SI ,
Operaciones Activas ,Crédito ABCD ,Crédito Cuenta Corriente (ABCD) ,"Cobro de nuevas comisiones sin aviso previo al Usuario, cliente y/o socio ",'025711001160 ,'0734 ,,SI ,
Operaciones Activas ,Crédito ABCD ,Crédito Cuenta Corriente (ABCD) ,Inconformidad con el monto de las primas devengadas del seguro vinculado ,'025711001160 ,'0751 ,,SI ,SI 
Operaciones Activas ,Crédito ABCD ,Crédito Cuenta Corriente (ABCD) ,No entrega de saldo a favor al cancelar el producto ,'025711001160 ,'0758 ,,SI ,
Operaciones Activas ,Crédito ABCD ,Crédito Cuenta Corriente (ABCD) ,Otorgamiento de crédito a menores ,'025711001160 ,'0761 ,,SI ,
Operaciones Activas ,Crédito ABCD ,Crédito Cuenta Corriente (ABCD) ,No entrega de acuse de recepción de la aclaración ,'025711001160 ,'0770 ,,SI ,
Operaciones Activas ,Crédito ABCD ,Crédito Cuenta Corriente (ABCD) ,Crédito no reconocido en el historial crediticio ,'025711001160 ,'0835 ,,SI ,
Operaciones Activas ,Crédito ABCD ,Crédito Cuenta Corriente (ABCD) ,Cobro de comisión por pago efectuado no aplicado ,'025711001160 ,'0840 ,,SI ,SI 
Operaciones Activas ,Crédito ABCD ,Crédito Cuenta Corriente (ABCD) ,Cobro no reconocido de intereses ordinarios y/o moratorios ,'025711001160 ,'0841 ,,SI ,SI 
Operaciones Activas ,Crédito ABCD ,Crédito Cuenta Corriente (ABCD) ,Convenio/reestructura de pago no respetado por la Institución ,'025711001160 ,'0842 ,,SI ,
Operaciones Activas ,Crédito ABCD ,Crédito Cuenta Corriente (ABCD) ,Eliminación de historial crediticio no realizada ,'025711001160 ,'0844 ,,SI ,
Operaciones Activas ,Crédito ABCD ,Crédito Cuenta Corriente (ABCD) ,Inconformidad con el cobro de comisión no reconocida o no pactada en el contrato ,'025711001160 ,'0849 ,,SI ,
Operaciones Activas ,Crédito ABCD ,Crédito Cuenta Corriente (ABCD) ,Inconformidad con el cobro de comisión por cancelación del crédito ,'025711001160 ,'0850 ,,SI ,SI 
Operaciones Activas ,Crédito ABCD ,Crédito Cuenta Corriente (ABCD) ,Inconformidad con el cobro de comisión por pago anticipado no pactada en el contrato ,'025711001160 ,'0851 ,,SI ,SI 
Operaciones Activas ,Crédito ABCD ,Crédito Cuenta Corriente (ABCD) ,Inconformidad con el cobro de intereses moratorios y accesorios durante el proceso de aclaración ,'025711001160 ,'0853 ,,SI ,
Operaciones Activas ,Crédito ABCD ,Crédito Cuenta Corriente (ABCD) ,Inconformidad con el cobro de intereses no pactados en el contrato ,'025711001160 ,'0854 ,,SI ,
Operaciones Activas ,Crédito ABCD ,Crédito Cuenta Corriente (ABCD) ,Inconformidad con el monto de la prima de los seguros y/o con la forma del pago del mismo ,'025711001160 ,'0855 ,,SI ,SI 
Operaciones Activas ,Crédito ABCD ,Crédito Cuenta Corriente (ABCD) ,"La Institución no entrega la carta liberación de adeudos y/o carta finiquito, factura, garantía, gravamen, 1er testimonio ",'025711001160 ,'0858 ,,SI ,
Operaciones Activas ,Crédito ABCD ,Crédito Cuenta Corriente (ABCD) ,"Crédito otorgado sin ser solicitado ni autorizado por el Usuario, cliente y/o socio ",'025711001160 ,'0913 ,,SI ,
Operaciones Activas ,Crédito ABCD ,Crédito Cuenta Corriente (ABCD) ,"El Usuario, cliente y/o socio no recibió el estado de cuenta con la leyenda de liquidación ",'025711001160 ,'0939 ,,SI ,
Operaciones Activas ,Crédito ABCD ,Crédito Cuenta Corriente (ABCD) ,"El Usuario, cliente y/o socio no reconoce haber celebrado contrato con la Institución ",'025711001160 ,'0940 ,,SI ,
Operaciones Activas ,Crédito ABCD ,Crédito Cuenta Corriente (ABCD) ,Inconformidad con el cobro de comisión y accesorios por cancelación de crédito en términos de lo dispuesto en el contrato ,'025711001160 ,'0963 ,,SI ,SI 
Operaciones Activas ,Crédito ABCD ,Crédito Cuenta Corriente (ABCD) ,"Inconformidad con el cobro de productos o servicios no contratados por el Usuario, cliente y/o socio ",'025711001160 ,'0967 ,,SI ,
Operaciones Activas ,Crédito ABCD ,Crédito Cuenta Corriente (ABCD) ,"Inconformidad con el cobro de remanentes a favor del Usuario, cliente y/o socio ",'025711001160 ,'0969 ,,SI ,SI 
Operaciones Activas ,Crédito ABCD ,Crédito Cuenta Corriente (ABCD) ,Inconformidad con la aclaración de los términos del contrato ,'025711001160 ,'1005 ,,SI ,
Operaciones Activas ,Crédito ABCD ,Crédito Cuenta Corriente (ABCD) ,Inconformidad con la no aceptación de pago con otro medio diferente al efectivo ,'025711001160 ,'1011 ,,SI ,
Operaciones Activas ,Crédito ABCD ,Crédito Cuenta Corriente (ABCD) ,Incumplimiento con los términos del contrato ,'025711001160 ,'1042 ,,SI ,
Operaciones Activas ,Crédito ABCD ,Crédito Cuenta Corriente (ABCD) ,"Modificación de comisiones sin aviso previo al Usuario, cliente y/o socio ",'025711001160 ,'1058 ,,SI ,
Operaciones Activas ,Crédito ABCD ,Crédito Cuenta Corriente (ABCD) ,"Modificación de tasa contractual sin aviso previo al Usuario, cliente y/o socio ",'025711001160 ,'1060 ,,SI ,
Operaciones Activas ,Crédito ABCD ,Crédito Cuenta Corriente (ABCD) ,Negativa a cumplir con la conclusión anticipada establecida en el contrato ,'025711001160 ,'1064 ,,SI ,
Operaciones Activas ,Crédito ABCD ,Crédito Cuenta Corriente (ABCD) ,No entrega de tabla de amortización al momento de formalizar el contrato ,'025711001160 ,'1074 ,,SI ,
Operaciones Activas ,Crédito ABCD ,Crédito Cuenta Corriente (ABCD) ,"No envío de estados de cuenta al domicilio del Usuario, cliente y/o socio ",'025711001160 ,'1075 ,,SI ,
Operaciones Activas ,Crédito ABCD ,Crédito Cuenta Corriente (ABCD) ,Orientación sobre el funcionamiento de productos y servicios financieros ,'025711001160 ,'1079 ,SI ,,
Operaciones Activas ,Crédito ABCD ,Crédito Cuenta Corriente (ABCD) ,Pago o depósito no aplicado total o parcialmente al producto o servicio ,'025711001160 ,'1081 ,,SI ,SI 
Operaciones Activas ,Crédito ABCD ,Crédito Cuenta Corriente (ABCD) ,"Promociones, meses sin intereses, sorteos o premios no entregados o aplicados al Usuario, cliente y/o socio ",'025711001160 ,'1086 ,,SI ,SI 
Operaciones Activas ,Crédito ABCD ,Crédito Cuenta Corriente (ABCD) ,Solicitud de cancelación de producto o servicio no atendida y/o no aplicada ,'025711001160 ,'1101 ,,SI ,
Operaciones Activas ,Crédito ABCD ,Crédito Cuenta Corriente (ABCD) ,Información sobre la actualización de historial crediticio ,'025711001160 ,'1200 ,SI ,,
Operaciones Activas ,Crédito ABCD ,Crédito Cuenta Corriente (ABCD) ,Consulta del monto de las primas de los seguros por lo que respecta a la amortización ,'025711001160 ,'1204 ,SI ,,
Operaciones Activas ,Crédito ABCD ,Crédito Cuenta Corriente (ABCD) ,Solicitud de estados de cuenta ,'025711001160 ,'1207 ,SI ,,
Operaciones Activas ,Crédito ABCD ,Crédito Cuenta Corriente (ABCD) ,Información del cobro de intereses ordinarios y/o moratorios ,'025711001160 ,'1211 ,SI ,,
Operaciones Activas ,Crédito ABCD ,Crédito Cuenta Corriente (ABCD) ,Información para la cancelación de producto o servicio ,'025711001160 ,'1217 ,SI ,,
Operaciones Activas ,Crédito ABCD ,Crédito Cuenta Corriente (ABCD) ,"Información para la entrega de la carta liberación de adeudos y/o carta finiquito, factura, garantía, gravamen, 1er testimonio ",'025711001160 ,'1221 ,SI ,,
Operaciones Activas ,Crédito al auto ,Crédito Simple (Auto) ,Solicitud de estados de cuenta no atendida ,'025711011161 ,'0188 ,,SI ,
Operaciones Activas ,Crédito al auto ,Crédito Simple (Auto) ,Negativa al otorgamiento de apoyo (programas de apoyo) ,'025711011161 ,'0197 ,,SI ,
Operaciones Activas ,Crédito al auto ,Crédito Simple (Auto) ,Inconformidad con la recepción de pagos ,'025711011161 ,'0353 ,,SI ,
Operaciones Activas ,Crédito al auto ,Crédito Simple (Auto) ,Inconformidad con el cobro y/o con la prima del seguro ,'025711011161 ,'0411 ,,SI ,SI 
Operaciones Activas ,Crédito al auto ,Crédito Simple (Auto) ,Inconformidad con el cobro de comisiones y/o gastos de investigación ,'025711011161 ,'0413 ,,SI ,SI 
Operaciones Activas ,Crédito al auto ,Crédito Simple (Auto) ,Inconformidad con el saldo del crédito o del monto de las amortizaciones ,'025711011161 ,'0577 ,,SI ,SI 
Operaciones Activas ,Crédito al auto ,Crédito Simple (Auto) ,Inconformidad con el monto de los gastos de apertura del crédito ,'025711011161 ,'0582 ,,SI ,SI 
Operaciones Activas ,Crédito al auto ,Crédito Simple (Auto) ,Crédito aprobado sin la entrega de recursos ,'025711011161 ,'0583 ,,SI ,
Operaciones Activas ,Crédito al auto ,Crédito Simple (Auto) ,Inconformidad con el monto de las primas de los seguros por lo que respecta a la amortización ,'025711011161 ,'0611 ,,SI ,SI 
Operaciones Activas ,Crédito al auto ,Crédito Simple (Auto) ,Inconformidad respecto del saldo a favor después del siniestro ,'025711011161 ,'0612 ,,SI ,SI 
Operaciones Activas ,Crédito al auto ,Crédito Simple (Auto) ,Negociación de créditos (Orientación) ,'025711011161 ,'0666 ,SI ,,
Operaciones Activas ,Crédito al auto ,Crédito Simple (Auto) ,Consulta de saldos y movimientos no atendida ,'025711011161 ,'0712 ,,SI ,
Operaciones Activas ,Crédito al auto ,Crédito Simple (Auto) ,Actualización de historial crediticio no realizada ,'025711011161 ,'0730 ,,SI ,
Operaciones Activas ,Crédito al auto ,Crédito Simple (Auto) ,Beneficios no aplicados al crédito ,'025711011161 ,'0732 ,,SI ,
Operaciones Activas ,Crédito al auto ,Crédito Simple (Auto) ,Inconformidad con el monto de las primas devengadas del seguro vinculado ,'025711011161 ,'0751 ,,SI ,SI 
Operaciones Activas ,Crédito al auto ,Crédito Simple (Auto) ,No entrega de saldo a favor al cancelar el producto ,'025711011161 ,'0758 ,,SI ,
Operaciones Activas ,Crédito al auto ,Crédito Simple (Auto) ,Otorgamiento de crédito a menores ,'025711011161 ,'0761 ,,SI ,
Operaciones Activas ,Crédito al auto ,Crédito Simple (Auto) ,No entrega de acuse de recepción de la aclaración ,'025711011161 ,'0770 ,,SI ,
Operaciones Activas ,Crédito al auto ,Crédito Simple (Auto) ,Crédito no reconocido en el historial crediticio ,'025711011161 ,'0835 ,,SI ,
Operaciones Activas ,Crédito al auto ,Crédito Simple (Auto) ,Cobro de comisión por pago efectuado no aplicado ,'025711011161 ,'0840 ,,SI ,SI 
Operaciones Activas ,Crédito al auto ,Crédito Simple (Auto) ,Cobro no reconocido de intereses ordinarios y/o moratorios ,'025711011161 ,'0841 ,,SI ,SI 
Operaciones Activas ,Crédito al auto ,Crédito Simple (Auto) ,Convenio/reestructura de pago no respetado por la Institución ,'025711011161 ,'0842 ,,SI ,
Operaciones Activas ,Crédito al auto ,Crédito Simple (Auto) ,Eliminación de historial crediticio no realizada ,'025711011161 ,'0844 ,,SI ,
Operaciones Activas ,Crédito al auto ,Crédito Simple (Auto) ,Inconformidad con el cobro de comisión no reconocida o no pactada en el contrato ,'025711011161 ,'0849 ,,SI ,
Operaciones Activas ,Crédito al auto ,Crédito Simple (Auto) ,Inconformidad con el cobro de comisión por cancelación del crédito ,'025711011161 ,'0850 ,,SI ,SI 
Operaciones Activas ,Crédito al auto ,Crédito Simple (Auto) ,Inconformidad con el cobro de comisión por pago anticipado no pactada en el contrato ,'025711011161 ,'0851 ,,SI ,SI 
Operaciones Activas ,Crédito al auto ,Crédito Simple (Auto) ,Inconformidad con el cobro de intereses moratorios y accesorios durante el proceso de aclaración ,'025711011161 ,'0853 ,,SI ,
Operaciones Activas ,Crédito al auto ,Crédito Simple (Auto) ,Inconformidad con el cobro de intereses no pactados en el contrato ,'025711011161 ,'0854 ,,SI ,
Operaciones Activas ,Crédito al auto ,Crédito Simple (Auto) ,Inconformidad con el monto de la prima de los seguros y/o con la forma del pago del mismo ,'025711011161 ,'0855 ,,SI ,SI 
Operaciones Activas ,Crédito al auto ,Crédito Simple (Auto) ,Inconformidad por cambio de Aseguradora ,'025711011161 ,'0857 ,,SI ,
Operaciones Activas ,Crédito al auto ,Crédito Simple (Auto) ,"La Institución no entrega la carta liberación de adeudos y/o carta finiquito, factura, garantía, gravamen, 1er testimonio ",'025711011161 ,'0858 ,,SI ,
Operaciones Activas ,Crédito al auto ,Crédito Simple (Auto) ,"Crédito otorgado sin ser solicitado ni autorizado por el Usuario, cliente y/o socio ",'025711011161 ,'0913 ,,SI ,
Operaciones Activas ,Crédito al auto ,Crédito Simple (Auto) ,"El Usuario, cliente y/o socio no recibió el estado de cuenta con la leyenda de liquidación ",'025711011161 ,'0939 ,,SI ,
Operaciones Activas ,Crédito al auto ,Crédito Simple (Auto) ,Inconformidad con el cobro de comisión y accesorios por cancelación de crédito en términos de lo dispuesto en el contrato ,'025711011161 ,'0963 ,,SI ,SI 
Operaciones Activas ,Crédito al auto ,Crédito Simple (Auto) ,"Inconformidad con el cobro de productos o servicios no contratados por el Usuario, cliente y/o socio ",'025711011161 ,'0967 ,,SI ,
Operaciones Activas ,Crédito al auto ,Crédito Simple (Auto) ,"Inconformidad con el cobro de remanentes a favor del Usuario, cliente y/o socio ",'025711011161 ,'0969 ,,SI ,SI 
Operaciones Activas ,Crédito al auto ,Crédito Simple (Auto) ,Inconformidad con la aclaración de los términos del contrato ,'025711011161 ,'1005 ,,SI ,
Operaciones Activas ,Crédito al auto ,Crédito Simple (Auto) ,Inconformidad con la no aceptación de pago con otro medio diferente al efectivo ,'025711011161 ,'1011 ,,SI ,
Operaciones Activas ,Crédito al auto ,Crédito Simple (Auto) ,Incumplimiento con los términos del contrato ,'025711011161 ,'1042 ,,SI ,
Operaciones Activas ,Crédito al auto ,Crédito Simple (Auto) ,"Modificación de comisiones sin aviso previo al Usuario, cliente y/o socio ",'025711011161 ,'1058 ,,SI ,
Operaciones Activas ,Crédito al auto ,Crédito Simple (Auto) ,"Modificación de tasa contractual sin aviso previo al Usuario, cliente y/o socio ",'025711011161 ,'1060 ,,SI ,
Operaciones Activas ,Crédito al auto ,Crédito Simple (Auto) ,Negativa a cumplir con la conclusión anticipada establecida en el contrato ,'025711011161 ,'1064 ,,SI ,
Operaciones Activas ,Crédito al auto ,Crédito Simple (Auto) ,No entrega de tabla de amortización al momento de formalizar el contrato ,'025711011161 ,'1074 ,,SI ,
Operaciones Activas ,Crédito al auto ,Crédito Simple (Auto) ,"No envío de estados de cuenta al domicilio del Usuario, cliente y/o socio ",'025711011161 ,'1075 ,,SI ,
Operaciones Activas ,Crédito al auto ,Crédito Simple (Auto) ,Orientación sobre el funcionamiento de productos y servicios financieros ,'025711011161 ,'1079 ,SI ,,
Operaciones Activas ,Crédito al auto ,Crédito Simple (Auto) ,Pago o depósito no aplicado total o parcialmente al producto o servicio ,'025711011161 ,'1081 ,,SI ,SI 
Operaciones Activas ,Crédito al auto ,Crédito Simple (Auto) ,"Promociones, meses sin intereses, sorteos o premios no entregados o aplicados al Usuario, cliente y/o socio ",'025711011161 ,'1086 ,,SI ,SI 
Operaciones Activas ,Crédito al auto ,Crédito Simple (Auto) ,Solicitud de cancelación de producto o servicio no atendida y/o no aplicada ,'025711011161 ,'1101 ,,SI ,
Operaciones Activas ,Crédito al auto ,Crédito Simple (Auto) ,Información sobre la actualización de historial crediticio ,'025711011161 ,'1200 ,SI ,,
Operaciones Activas ,Crédito al auto ,Crédito Simple (Auto) ,Solicitud de estados de cuenta ,'025711011161 ,'1207 ,SI ,,
Operaciones Activas ,Crédito al auto ,Crédito Simple (Auto) ,Información del cobro de intereses ordinarios y/o moratorios ,'025711011161 ,'1211 ,SI ,,
Operaciones Activas ,Crédito al auto ,Crédito Simple (Auto) ,Información para la cancelación de producto o servicio ,'025711011161 ,'1217 ,SI ,,
Operaciones Activas ,Crédito al auto ,Crédito Simple (Auto) ,"Información para la entrega de la carta liberación de adeudos y/o carta finiquito, factura, garantía, gravamen, 1er testimonio ",'025711011161 ,'1221 ,SI ,,
Operaciones Activas ,Crédito con garantía hipotecaria ,Crédito Simple (CGH) ,Solicitud de estados de cuenta no atendida ,'025711021162 ,'0188 ,,SI ,
Operaciones Activas ,Crédito con garantía hipotecaria ,Crédito Simple (CGH) ,Inconformidad con el cobro de comisiones y/o gastos de investigación ,'025711021162 ,'0413 ,,SI ,SI 
Operaciones Activas ,Crédito con garantía hipotecaria ,Crédito Simple (CGH) ,Inconformidad con el saldo del crédito o del monto de las amortizaciones ,'025711021162 ,'0577 ,,SI ,SI 
Operaciones Activas ,Crédito con garantía hipotecaria ,Crédito Simple (CGH) ,Inconformidad con el monto de los gastos de apertura del crédito ,'025711021162 ,'0582 ,,SI ,SI 
Operaciones Activas ,Crédito con garantía hipotecaria ,Crédito Simple (CGH) ,Crédito aprobado sin la entrega de recursos ,'025711021162 ,'0583 ,,SI ,
Operaciones Activas ,Crédito con garantía hipotecaria ,Crédito Simple (CGH) ,Inconformidad con el monto de las primas de los seguros por lo que respecta a la amortización ,'025711021162 ,'0611 ,,SI ,SI 
Operaciones Activas ,Crédito con garantía hipotecaria ,Crédito Simple (CGH) ,Inconformidad respecto del saldo a favor después del siniestro ,'025711021162 ,'0612 ,,SI ,SI 
Operaciones Activas ,Crédito con garantía hipotecaria ,Crédito Simple (CGH) ,Negociación de créditos (Orientación) ,'025711021162 ,'0666 ,SI ,,
Operaciones Activas ,Crédito con garantía hipotecaria ,Crédito Simple (CGH) ,Consulta de saldos y movimientos no atendida ,'025711021162 ,'0712 ,,SI ,
Operaciones Activas ,Crédito con garantía hipotecaria ,Crédito Simple (CGH) ,Actualización de historial crediticio no realizada ,'025711021162 ,'0730 ,,SI ,
Operaciones Activas ,Crédito con garantía hipotecaria ,Crédito Simple (CGH) ,Beneficios no aplicados al crédito ,'025711021162 ,'0732 ,,SI ,
Operaciones Activas ,Crédito con garantía hipotecaria ,Crédito Simple (CGH) ,"Cobro de nuevas comisiones sin aviso previo al Usuario, cliente y/o socio ",'025711021162 ,'0734 ,,SI ,
Operaciones Activas ,Crédito con garantía hipotecaria ,Crédito Simple (CGH) ,Inconformidad con el monto de las primas devengadas del seguro vinculado ,'025711021162 ,'0751 ,,SI ,SI 
Operaciones Activas ,Crédito con garantía hipotecaria ,Crédito Simple (CGH) ,No entrega de saldo a favor al cancelar el producto ,'025711021162 ,'0758 ,,SI ,
Operaciones Activas ,Crédito con garantía hipotecaria ,Crédito Simple (CGH) ,No se otorgó oferta vinculante o no se respetó ,'025711021162 ,'0760 ,,SI ,
Operaciones Activas ,Crédito con garantía hipotecaria ,Crédito Simple (CGH) ,Otorgamiento de crédito a menores ,'025711021162 ,'0761 ,,SI ,
Operaciones Activas ,Crédito con garantía hipotecaria ,Crédito Simple (CGH) ,No entrega de acuse de recepción de la aclaración ,'025711021162 ,'0770 ,,SI ,
Operaciones Activas ,Crédito con garantía hipotecaria ,Crédito Simple (CGH) ,Crédito no reconocido en el historial crediticio ,'025711021162 ,'0835 ,,SI ,
Operaciones Activas ,Crédito con garantía hipotecaria ,Crédito Simple (CGH) ,Cobro de comisión por pago efectuado no aplicado ,'025711021162 ,'0840 ,,SI ,SI 
Operaciones Activas ,Crédito con garantía hipotecaria ,Crédito Simple (CGH) ,Cobro no reconocido de intereses ordinarios y/o moratorios ,'025711021162 ,'0841 ,,SI ,SI 
Operaciones Activas ,Crédito con garantía hipotecaria ,Crédito Simple (CGH) ,Convenio/reestructura de pago no respetado por la Institución ,'025711021162 ,'0842 ,,SI ,
Operaciones Activas ,Crédito con garantía hipotecaria ,Crédito Simple (CGH) ,Eliminación de historial crediticio no realizada ,'025711021162 ,'0844 ,,SI ,
Operaciones Activas ,Crédito con garantía hipotecaria ,Crédito Simple (CGH) ,Inconformidad con el cobro de comisión no reconocida o no pactada en el contrato ,'025711021162 ,'0849 ,,SI ,
Operaciones Activas ,Crédito con garantía hipotecaria ,Crédito Simple (CGH) ,Inconformidad con el cobro de comisión por cancelación del crédito ,'025711021162 ,'0850 ,,SI ,SI 
Operaciones Activas ,Crédito con garantía hipotecaria ,Crédito Simple (CGH) ,Inconformidad con el cobro de comisión por pago anticipado no pactada en el contrato ,'025711021162 ,'0851 ,,SI ,SI 
Operaciones Activas ,Crédito con garantía hipotecaria ,Crédito Simple (CGH) ,Inconformidad con el cobro de intereses moratorios y accesorios durante el proceso de aclaración ,'025711021162 ,'0853 ,,SI ,
Operaciones Activas ,Crédito con garantía hipotecaria ,Crédito Simple (CGH) ,Inconformidad con el cobro de intereses no pactados en el contrato ,'025711021162 ,'0854 ,,SI ,
Operaciones Activas ,Crédito con garantía hipotecaria ,Crédito Simple (CGH) ,Inconformidad con el monto de la prima de los seguros y/o con la forma del pago del mismo ,'025711021162 ,'0855 ,,SI ,SI 
Operaciones Activas ,Crédito con garantía hipotecaria ,Crédito Simple (CGH) ,Inconformidad por cambio de Aseguradora ,'025711021162 ,'0857 ,,SI ,
Operaciones Activas ,Crédito con garantía hipotecaria ,Crédito Simple (CGH) ,"La Institución no entrega la carta liberación de adeudos y/o carta finiquito, factura, garantía, gravamen, 1er testimonio ",'025711021162 ,'0858 ,,SI ,
Operaciones Activas ,Crédito con garantía hipotecaria ,Crédito Simple (CGH) ,"Crédito otorgado sin ser solicitado ni autorizado por el Usuario, cliente y/o socio ",'025711021162 ,'0913 ,,SI ,
Operaciones Activas ,Crédito con garantía hipotecaria ,Crédito Simple (CGH) ,"El Usuario, cliente y/o socio no recibió el estado de cuenta con la leyenda de liquidación ",'025711021162 ,'0939 ,,SI ,
Operaciones Activas ,Crédito con garantía hipotecaria ,Crédito Simple (CGH) ,Inconformidad con el cobro de comisión y accesorios por cancelación de crédito en términos de lo dispuesto en el contrato ,'025711021162 ,'0963 ,,SI ,SI 
Operaciones Activas ,Crédito con garantía hipotecaria ,Crédito Simple (CGH) ,"Inconformidad con el cobro de productos o servicios no contratados por el Usuario, cliente y/o socio ",'025711021162 ,'0967 ,,SI ,
Operaciones Activas ,Crédito con garantía hipotecaria ,Crédito Simple (CGH) ,"Inconformidad con el cobro de remanentes a favor del Usuario, cliente y/o socio ",'025711021162 ,'0969 ,,SI ,SI 
Operaciones Activas ,Crédito con garantía hipotecaria ,Crédito Simple (CGH) ,Inconformidad con la aclaración de los términos del contrato ,'025711021162 ,'1005 ,,SI ,
Operaciones Activas ,Crédito con garantía hipotecaria ,Crédito Simple (CGH) ,Inconformidad con la no aceptación de pago con otro medio diferente al efectivo ,'025711021162 ,'1011 ,,SI ,
Operaciones Activas ,Crédito con garantía hipotecaria ,Crédito Simple (CGH) ,Incumplimiento con los términos del contrato ,'025711021162 ,'1042 ,,SI ,
Operaciones Activas ,Crédito con garantía hipotecaria ,Crédito Simple (CGH) ,"Modificación de comisiones sin aviso previo al Usuario, cliente y/o socio ",'025711021162 ,'1058 ,,SI ,
Operaciones Activas ,Crédito con garantía hipotecaria ,Crédito Simple (CGH) ,"Modificación de tasa contractual sin aviso previo al Usuario, cliente y/o socio ",'025711021162 ,'1060 ,,SI ,
Operaciones Activas ,Crédito con garantía hipotecaria ,Crédito Simple (CGH) ,Negativa a cumplir con la conclusión anticipada establecida en el contrato ,'025711021162 ,'1064 ,,SI ,
Operaciones Activas ,Crédito con garantía hipotecaria ,Crédito Simple (CGH) ,No entrega de tabla de amortización al momento de formalizar el contrato ,'025711021162 ,'1074 ,,SI ,
Operaciones Activas ,Crédito con garantía hipotecaria ,Crédito Simple (CGH) ,"No envío de estados de cuenta al domicilio del Usuario, cliente y/o socio ",'025711021162 ,'1075 ,,SI ,
Operaciones Activas ,Crédito con garantía hipotecaria ,Crédito Simple (CGH) ,Orientación sobre el funcionamiento de productos y servicios financieros ,'025711021162 ,'1079 ,SI ,,
Operaciones Activas ,Crédito con garantía hipotecaria ,Crédito Simple (CGH) ,Pago o depósito no aplicado total o parcialmente al producto o servicio ,'025711021162 ,'1081 ,,SI ,SI 
Operaciones Activas ,Crédito con garantía hipotecaria ,Crédito Simple (CGH) ,"Promociones, meses sin intereses, sorteos o premios no entregados o aplicados al Usuario, cliente y/o socio ",'025711021162 ,'1086 ,,SI ,SI 
Operaciones Activas ,Crédito con garantía hipotecaria ,Crédito Simple (CGH) ,Solicitud de cancelación de producto o servicio no atendida y/o no aplicada ,'025711021162 ,'1101 ,,SI ,
Operaciones Activas ,Crédito con garantía hipotecaria ,Crédito Simple (CGH) ,Información sobre la actualización de historial crediticio ,'025711021162 ,'1200 ,SI ,,
Operaciones Activas ,Crédito con garantía hipotecaria ,Crédito Simple (CGH) ,Consulta del monto de las primas de los seguros por lo que respecta a la amortización ,'025711021162 ,'1204 ,SI ,,
Operaciones Activas ,Crédito con garantía hipotecaria ,Crédito Simple (CGH) ,Solicitud de estados de cuenta ,'025711021162 ,'1207 ,SI ,,
Operaciones Activas ,Crédito con garantía hipotecaria ,Crédito Simple (CGH) ,Información del cobro de intereses ordinarios y/o moratorios ,'025711021162 ,'1211 ,SI ,,
Operaciones Activas ,Crédito con garantía hipotecaria ,Crédito Simple (CGH) ,Información para la cancelación de producto o servicio ,'025711021162 ,'1217 ,SI ,,
Operaciones Activas ,Crédito con garantía hipotecaria ,Crédito Simple (CGH) ,"Información para la entrega de la carta liberación de adeudos y/o carta finiquito, factura, garantía, gravamen, 1er testimonio ",'025711021162 ,'1221 ,SI ,,
Operaciones Activas ,Crédito con garantía prendaria ,Crédito Simple (CGP) ,Negativa al otorgamiento de apoyo (programas de apoyo) ,'025711031163 ,'0197 ,,SI ,
Operaciones Activas ,Crédito con garantía prendaria ,Crédito Simple (CGP) ,Inconformidad con la recepción de pagos ,'025711031163 ,'0353 ,,SI ,
Operaciones Activas ,Crédito con garantía prendaria ,Crédito Simple (CGP) ,Inconformidad con la aplicación de los programas de apoyo ,'025711031163 ,'0368 ,,SI ,
Operaciones Activas ,Crédito con garantía prendaria ,Crédito Simple (CGP) ,Inconformidad con el cobro de comisiones y/o gastos de investigación ,'025711031163 ,'0413 ,,SI ,SI 
Operaciones Activas ,Crédito con garantía prendaria ,Crédito Simple (CGP) ,Inconformidad con el saldo del crédito o del monto de las amortizaciones ,'025711031163 ,'0577 ,,SI ,SI 
Operaciones Activas ,Crédito con garantía prendaria ,Crédito Simple (CGP) ,Inconformidad con el monto de los gastos de apertura del crédito ,'025711031163 ,'0582 ,,SI ,SI 
Operaciones Activas ,Crédito con garantía prendaria ,Crédito Simple (CGP) ,Crédito aprobado sin la entrega de recursos ,'025711031163 ,'0583 ,,SI ,
Operaciones Activas ,Crédito con garantía prendaria ,Crédito Simple (CGP) ,Inconformidad con el monto de las primas de los seguros por lo que respecta a la amortización ,'025711031163 ,'0611 ,,SI ,SI 
Operaciones Activas ,Crédito con garantía prendaria ,Crédito Simple (CGP) ,Negociación de créditos (Orientación) ,'025711031163 ,'0666 ,SI ,,
Operaciones Activas ,Crédito con garantía prendaria ,Crédito Simple (CGP) ,Consulta de saldos y movimientos no atendida ,'025711031163 ,'0712 ,,SI ,
Operaciones Activas ,Crédito con garantía prendaria ,Crédito Simple (CGP) ,Actualización de historial crediticio no realizada ,'025711031163 ,'0730 ,,SI ,
Operaciones Activas ,Crédito con garantía prendaria ,Crédito Simple (CGP) ,Beneficios no aplicados al crédito ,'025711031163 ,'0732 ,,SI ,
Operaciones Activas ,Crédito con garantía prendaria ,Crédito Simple (CGP) ,"Cobro de nuevas comisiones sin aviso previo al Usuario, cliente y/o socio ",'025711031163 ,'0734 ,,SI ,
Operaciones Activas ,Crédito con garantía prendaria ,Crédito Simple (CGP) ,Inconformidad con el monto de las primas devengadas del seguro vinculado ,'025711031163 ,'0751 ,,SI ,SI 
Operaciones Activas ,Crédito con garantía prendaria ,Crédito Simple (CGP) ,No entrega de saldo a favor al cancelar el producto ,'025711031163 ,'0758 ,,SI ,
Operaciones Activas ,Crédito con garantía prendaria ,Crédito Simple (CGP) ,Otorgamiento de crédito a menores ,'025711031163 ,'0761 ,,SI ,
Operaciones Activas ,Crédito con garantía prendaria ,Crédito Simple (CGP) ,No entrega de acuse de recepción de la aclaración ,'025711031163 ,'0770 ,,SI ,
Operaciones Activas ,Crédito con garantía prendaria ,Crédito Simple (CGP) ,Cobro de comisión por pago efectuado no aplicado ,'025711031163 ,'0840 ,,SI ,SI 
Operaciones Activas ,Crédito con garantía prendaria ,Crédito Simple (CGP) ,Cobro no reconocido de intereses ordinarios y/o moratorios ,'025711031163 ,'0841 ,,SI ,SI 
Operaciones Activas ,Crédito con garantía prendaria ,Crédito Simple (CGP) ,Convenio/reestructura de pago no respetado por la Institución ,'025711031163 ,'0842 ,,SI ,
Operaciones Activas ,Crédito con garantía prendaria ,Crédito Simple (CGP) ,Eliminación de historial crediticio no realizada ,'025711031163 ,'0844 ,,SI ,
Operaciones Activas ,Crédito con garantía prendaria ,Crédito Simple (CGP) ,Inconformidad con el cobro de comisión no reconocida o no pactada en el contrato ,'025711031163 ,'0849 ,,SI ,
Operaciones Activas ,Crédito con garantía prendaria ,Crédito Simple (CGP) ,Inconformidad con el cobro de comisión por cancelación del crédito ,'025711031163 ,'0850 ,,SI ,SI 
Operaciones Activas ,Crédito con garantía prendaria ,Crédito Simple (CGP) ,Inconformidad con el cobro de comisión por pago anticipado no pactada en el contrato ,'025711031163 ,'0851 ,,SI ,SI 
Operaciones Activas ,Crédito con garantía prendaria ,Crédito Simple (CGP) ,Inconformidad con el cobro de intereses moratorios y accesorios durante el proceso de aclaración ,'025711031163 ,'0853 ,,SI ,
Operaciones Activas ,Crédito con garantía prendaria ,Crédito Simple (CGP) ,Inconformidad con el cobro de intereses no pactados en el contrato ,'025711031163 ,'0854 ,,SI ,
Operaciones Activas ,Crédito con garantía prendaria ,Crédito Simple (CGP) ,Inconformidad con el monto de la prima de los seguros y/o con la forma del pago del mismo ,'025711031163 ,'0855 ,,SI ,SI 
Operaciones Activas ,Crédito con garantía prendaria ,Crédito Simple (CGP) ,"La Institución no entrega la carta liberación de adeudos y/o carta finiquito, factura, garantía, gravamen, 1er testimonio ",'025711031163 ,'0858 ,,SI ,
Operaciones Activas ,Crédito con garantía prendaria ,Crédito Simple (CGP) ,"El Usuario, cliente y/o socio no recibió el estado de cuenta con la leyenda de liquidación ",'025711031163 ,'0939 ,,SI ,
Operaciones Activas ,Crédito con garantía prendaria ,Crédito Simple (CGP) ,Inconformidad con el cobro de comisión y accesorios por cancelación de crédito en términos de lo dispuesto en el contrato ,'025711031163 ,'0963 ,,SI ,SI 
Operaciones Activas ,Crédito con garantía prendaria ,Crédito Simple (CGP) ,"Inconformidad con el cobro de productos o servicios no contratados por el Usuario, cliente y/o socio ",'025711031163 ,'0967 ,,SI ,
Operaciones Activas ,Crédito con garantía prendaria ,Crédito Simple (CGP) ,"Inconformidad con el cobro de remanentes a favor del Usuario, cliente y/o socio ",'025711031163 ,'0969 ,,SI ,SI 
Operaciones Activas ,Crédito con garantía prendaria ,Crédito Simple (CGP) ,Inconformidad con la no aceptación de pago con otro medio diferente al efectivo ,'025711031163 ,'1011 ,,SI ,
Operaciones Activas ,Crédito con garantía prendaria ,Crédito Simple (CGP) ,Incumplimiento con los términos del contrato ,'025711031163 ,'1042 ,,SI ,
Operaciones Activas ,Crédito con garantía prendaria ,Crédito Simple (CGP) ,"Modificación de tasa contractual sin aviso previo al Usuario, cliente y/o socio ",'025711031163 ,'1060 ,,SI ,
Operaciones Activas ,Crédito con garantía prendaria ,Crédito Simple (CGP) ,Negativa a cumplir con la conclusión anticipada establecida en el contrato ,'025711031163 ,'1064 ,,SI ,
Operaciones Activas ,Crédito con garantía prendaria ,Crédito Simple (CGP) ,No entrega de tabla de amortización al momento de formalizar el contrato ,'025711031163 ,'1074 ,,SI ,
Operaciones Activas ,Crédito con garantía prendaria ,Crédito Simple (CGP) ,"No envío de estados de cuenta al domicilio del Usuario, cliente y/o socio ",'025711031163 ,'1075 ,,SI ,
Operaciones Activas ,Crédito con garantía prendaria ,Crédito Simple (CGP) ,Orientación sobre el funcionamiento de productos y servicios financieros ,'025711031163 ,'1079 ,SI ,,
Operaciones Activas ,Crédito con garantía prendaria ,Crédito Simple (CGP) ,Pago o depósito no aplicado total o parcialmente al producto o servicio ,'025711031163 ,'1081 ,,SI ,SI 
Operaciones Activas ,Crédito con garantía prendaria ,Crédito Simple (CGP) ,"Promociones, meses sin intereses, sorteos o premios no entregados o aplicados al Usuario, cliente y/o socio ",'025711031163 ,'1086 ,,SI ,SI 
Operaciones Activas ,Crédito con garantía prendaria ,Crédito Simple (CGP) ,Solicitud de cancelación de producto o servicio no atendida y/o no aplicada ,'025711031163 ,'1101 ,,SI ,
Operaciones Activas ,Crédito con garantía prendaria ,Crédito Simple (CGP) ,Información sobre la actualización de historial crediticio ,'025711031163 ,'1200 ,SI ,,
Operaciones Activas ,Crédito con garantía prendaria ,Crédito Simple (CGP) ,Consulta del monto de las primas de los seguros por lo que respecta a la amortización ,'025711031163 ,'1204 ,SI ,,
Operaciones Activas ,Crédito con garantía prendaria ,Crédito Simple (CGP) ,Información del cobro de intereses ordinarios y/o moratorios ,'025711031163 ,'1211 ,SI ,,
Operaciones Activas ,Crédito con garantía prendaria ,Crédito Simple (CGP) ,Información para la cancelación de producto o servicio ,'025711031163 ,'1217 ,SI ,,
Operaciones Activas ,Crédito con garantía prendaria ,Crédito Simple (CGP) ,"Información para la entrega de la carta liberación de adeudos y/o carta finiquito, factura, garantía, gravamen, 1er testimonio ",'025711031163 ,'1221 ,SI ,,
Operaciones Activas ,Crédito con garantía prendaria ,Crédito Simple (CGP) ,Seguimiento de Aclaración (estatus de su solicitud de aclaración) ,'025711031163 ,'1245 ,SI ,,
Operaciones Activas ,Crédito con garantía prendaria ,Crédito Simple (CGP) ,"Consulta de Movimientos de préstamos (aplicación de descuentos, devoluciones) ",'025711031163 ,'1246 ,SI ,,
Operaciones Activas ,Crédito con garantía prendaria ,Crédito Cuenta Corriente (CGP) ,Negativa al otorgamiento de apoyo (programas de apoyo) ,'025711031164 ,'0197 ,,SI ,
Operaciones Activas ,Crédito con garantía prendaria ,Crédito Cuenta Corriente (CGP) ,Inconformidad con la recepción de pagos ,'025711031164 ,'0353 ,,SI ,
Operaciones Activas ,Crédito con garantía prendaria ,Crédito Cuenta Corriente (CGP) ,Inconformidad con la aplicación de los programas de apoyo ,'025711031164 ,'0368 ,,SI ,
Operaciones Activas ,Crédito con garantía prendaria ,Crédito Cuenta Corriente (CGP) ,Inconformidad con el cobro de comisiones y/o gastos de investigación ,'025711031164 ,'0413 ,,SI ,SI 
Operaciones Activas ,Crédito con garantía prendaria ,Crédito Cuenta Corriente (CGP) ,Inconformidad con el saldo del crédito o del monto de las amortizaciones ,'025711031164 ,'0577 ,,SI ,SI 
Operaciones Activas ,Crédito con garantía prendaria ,Crédito Cuenta Corriente (CGP) ,Inconformidad con el monto de los gastos de apertura del crédito ,'025711031164 ,'0582 ,,SI ,SI 
Operaciones Activas ,Crédito con garantía prendaria ,Crédito Cuenta Corriente (CGP) ,Crédito aprobado sin la entrega de recursos ,'025711031164 ,'0583 ,,SI ,
Operaciones Activas ,Crédito con garantía prendaria ,Crédito Cuenta Corriente (CGP) ,Inconformidad con el monto de las primas de los seguros por lo que respecta a la amortización ,'025711031164 ,'0611 ,,SI ,SI 
Operaciones Activas ,Crédito con garantía prendaria ,Crédito Cuenta Corriente (CGP) ,Negociación de créditos (Orientación) ,'025711031164 ,'0666 ,SI ,,
Operaciones Activas ,Crédito con garantía prendaria ,Crédito Cuenta Corriente (CGP) ,Consulta de saldos y movimientos no atendida ,'025711031164 ,'0712 ,,SI ,
Operaciones Activas ,Crédito con garantía prendaria ,Crédito Cuenta Corriente (CGP) ,Actualización de historial crediticio no realizada ,'025711031164 ,'0730 ,,SI ,
Operaciones Activas ,Crédito con garantía prendaria ,Crédito Cuenta Corriente (CGP) ,Beneficios no aplicados al crédito ,'025711031164 ,'0732 ,,SI ,
Operaciones Activas ,Crédito con garantía prendaria ,Crédito Cuenta Corriente (CGP) ,"Cobro de nuevas comisiones sin aviso previo al Usuario, cliente y/o socio ",'025711031164 ,'0734 ,,SI ,
Operaciones Activas ,Crédito con garantía prendaria ,Crédito Cuenta Corriente (CGP) ,Inconformidad con el monto de las primas devengadas del seguro vinculado ,'025711031164 ,'0751 ,,SI ,SI 
Operaciones Activas ,Crédito con garantía prendaria ,Crédito Cuenta Corriente (CGP) ,No entrega de saldo a favor al cancelar el producto ,'025711031164 ,'0758 ,,SI ,
Operaciones Activas ,Crédito con garantía prendaria ,Crédito Cuenta Corriente (CGP) ,Otorgamiento de crédito a menores ,'025711031164 ,'0761 ,,SI ,
Operaciones Activas ,Crédito con garantía prendaria ,Crédito Cuenta Corriente (CGP) ,No entrega de acuse de recepción de la aclaración ,'025711031164 ,'0770 ,,SI ,
Operaciones Activas ,Crédito con garantía prendaria ,Crédito Cuenta Corriente (CGP) ,Cobro de comisión por pago efectuado no aplicado ,'025711031164 ,'0840 ,,SI ,SI 
Operaciones Activas ,Crédito con garantía prendaria ,Crédito Cuenta Corriente (CGP) ,Cobro no reconocido de intereses ordinarios y/o moratorios ,'025711031164 ,'0841 ,,SI ,SI 
Operaciones Activas ,Crédito con garantía prendaria ,Crédito Cuenta Corriente (CGP) ,Convenio/reestructura de pago no respetado por la Institución ,'025711031164 ,'0842 ,,SI ,
Operaciones Activas ,Crédito con garantía prendaria ,Crédito Cuenta Corriente (CGP) ,Eliminación de historial crediticio no realizada ,'025711031164 ,'0844 ,,SI ,
Operaciones Activas ,Crédito con garantía prendaria ,Crédito Cuenta Corriente (CGP) ,Inconformidad con el cobro de comisión por cancelación del crédito ,'025711031164 ,'0850 ,,SI ,SI 
Operaciones Activas ,Crédito con garantía prendaria ,Crédito Cuenta Corriente (CGP) ,Inconformidad con el cobro de comisión por pago anticipado no pactada en el contrato ,'025711031164 ,'0851 ,,SI ,SI 
Operaciones Activas ,Crédito con garantía prendaria ,Crédito Cuenta Corriente (CGP) ,Inconformidad con el cobro de intereses moratorios y accesorios durante el proceso de aclaración ,'025711031164 ,'0853 ,,SI ,
Operaciones Activas ,Crédito con garantía prendaria ,Crédito Cuenta Corriente (CGP) ,Inconformidad con el cobro de intereses no pactados en el contrato ,'025711031164 ,'0854 ,,SI ,
Operaciones Activas ,Crédito con garantía prendaria ,Crédito Cuenta Corriente (CGP) ,Inconformidad con el monto de la prima de los seguros y/o con la forma del pago del mismo ,'025711031164 ,'0855 ,,SI ,SI 
Operaciones Activas ,Crédito con garantía prendaria ,Crédito Cuenta Corriente (CGP) ,"La Institución no entrega la carta liberación de adeudos y/o carta finiquito, factura, garantía, gravamen, 1er testimonio ",'025711031164 ,'0858 ,,SI ,
Operaciones Activas ,Crédito con garantía prendaria ,Crédito Cuenta Corriente (CGP) ,"El Usuario, cliente y/o socio no recibió el estado de cuenta con la leyenda de liquidación ",'025711031164 ,'0939 ,,SI ,
Operaciones Activas ,Crédito con garantía prendaria ,Crédito Cuenta Corriente (CGP) ,Inconformidad con el cobro de comisión y accesorios por cancelación de crédito en términos de lo dispuesto en el contrato ,'025711031164 ,'0963 ,,SI ,SI 
Operaciones Activas ,Crédito con garantía prendaria ,Crédito Cuenta Corriente (CGP) ,"Inconformidad con el cobro de productos o servicios no contratados por el Usuario, cliente y/o socio ",'025711031164 ,'0967 ,,SI ,
Operaciones Activas ,Crédito con garantía prendaria ,Crédito Cuenta Corriente (CGP) ,"Inconformidad con el cobro de remanentes a favor del Usuario, cliente y/o socio ",'025711031164 ,'0969 ,,SI ,SI 
Operaciones Activas ,Crédito con garantía prendaria ,Crédito Cuenta Corriente (CGP) ,Inconformidad con la no aceptación de pago con otro medio diferente al efectivo ,'025711031164 ,'1011 ,,SI ,
Operaciones Activas ,Crédito con garantía prendaria ,Crédito Cuenta Corriente (CGP) ,Incumplimiento con los términos del contrato ,'025711031164 ,'1042 ,,SI ,
Operaciones Activas ,Crédito con garantía prendaria ,Crédito Cuenta Corriente (CGP) ,"Modificación de tasa contractual sin aviso previo al Usuario, cliente y/o socio ",'025711031164 ,'1060 ,,SI ,
Operaciones Activas ,Crédito con garantía prendaria ,Crédito Cuenta Corriente (CGP) ,Negativa a cumplir con la conclusión anticipada establecida en el contrato ,'025711031164 ,'1064 ,,SI ,
Operaciones Activas ,Crédito con garantía prendaria ,Crédito Cuenta Corriente (CGP) ,No entrega de tabla de amortización al momento de formalizar el contrato ,'025711031164 ,'1074 ,,SI ,
Operaciones Activas ,Crédito con garantía prendaria ,Crédito Cuenta Corriente (CGP) ,"No envío de estados de cuenta al domicilio del Usuario, cliente y/o socio ",'025711031164 ,'1075 ,,SI ,
Operaciones Activas ,Crédito con garantía prendaria ,Crédito Cuenta Corriente (CGP) ,Orientación sobre el funcionamiento de productos y servicios financieros ,'025711031164 ,'1079 ,SI ,,
Operaciones Activas ,Crédito con garantía prendaria ,Crédito Cuenta Corriente (CGP) ,Pago o depósito no aplicado total o parcialmente al producto o servicio ,'025711031164 ,'1081 ,,SI ,SI 
Operaciones Activas ,Crédito con garantía prendaria ,Crédito Cuenta Corriente (CGP) ,"Promociones, meses sin intereses, sorteos o premios no entregados o aplicados al Usuario, cliente y/o socio ",'025711031164 ,'1086 ,,SI ,SI 
Operaciones Activas ,Crédito con garantía prendaria ,Crédito Cuenta Corriente (CGP) ,Solicitud de cancelación de producto o servicio no atendida y/o no aplicada ,'025711031164 ,'1101 ,,SI ,
Operaciones Activas ,Crédito con garantía prendaria ,Crédito Cuenta Corriente (CGP) ,Información sobre la actualización de historial crediticio ,'025711031164 ,'1200 ,SI ,,
Operaciones Activas ,Crédito con garantía prendaria ,Crédito Cuenta Corriente (CGP) ,Consulta del monto de las primas de los seguros por lo que respecta a la amortización ,'025711031164 ,'1204 ,SI ,,
Operaciones Activas ,Crédito con garantía prendaria ,Crédito Cuenta Corriente (CGP) ,Información del cobro de intereses ordinarios y/o moratorios ,'025711031164 ,'1211 ,SI ,,
Operaciones Activas ,Crédito con garantía prendaria ,Crédito Cuenta Corriente (CGP) ,Información para la cancelación de producto o servicio ,'025711031164 ,'1217 ,SI ,,
Operaciones Activas ,Crédito al auto ,Crédito Simple (Auto) ,Información del cobro y/o con la prima del seguro ,'025711011161 ,'1213 ,SI ,,
Operaciones Activas ,Crédito con garantía hipotecaria ,Crédito Simple (CGH) ,Inconformidad con el cobro de comisión por extender oferta vinculante ,'025711021162 ,'0956 ,,SI ,
Operaciones Activas ,Crédito con garantía hipotecaria ,Crédito Simple (CGH) ,Inconformidad con el cobro de comisión por subrogación de crédito ,'025711021162 ,'0961 ,,SI ,SI 
Operaciones Activas ,Crédito con garantía prendaria ,Crédito Simple (CGP) ,"Modificación de comisiones sin aviso previo al Usuario, cliente y/o socio ",'025711031163 ,'1058 ,,SI ,
Operaciones Activas ,Crédito con garantía prendaria ,Crédito Cuenta Corriente (CGP) ,"Modificación de comisiones sin aviso previo al Usuario, cliente y/o socio ",'025711031164 ,'1058 ,,SI ,
Operaciones Activas ,Crédito con garantía prendaria ,Crédito Cuenta Corriente (CGP) ,Inconformidad con el cobro de comisión no reconocida o no pactada en el contrato ,'025711031164 ,'0849 ,,SI ,
Operaciones Activas ,Crédito con garantía prendaria ,Crédito Cuenta Corriente (CGP) ,Seguimiento de Aclaración (estatus de su solicitud de aclaración) ,'025711031164 ,'1245 ,SI ,,
Operaciones Activas ,Crédito con garantía prendaria ,Crédito Cuenta Corriente (CGP) ,"Consulta de Movimientos de préstamos (aplicación de descuentos, devoluciones) ",'025711031164 ,'1246 ,SI ,,
Operaciones Activas ,Crédito de nómina ,Crédito Simple (CN) ,Solicitud de estados de cuenta no atendida ,'025711041165 ,'0188 ,,SI ,
Operaciones Activas ,Crédito de nómina ,Crédito Simple (CN) ,Inconformidad con el cobro y/o con la prima del seguro ,'025711041165 ,'0411 ,,SI ,SI 
Operaciones Activas ,Crédito de nómina ,Crédito Simple (CN) ,Inconformidad con el cobro de comisiones y/o gastos de investigación ,'025711041165 ,'0413 ,,SI ,SI 
Operaciones Activas ,Crédito de nómina ,Crédito Simple (CN) ,Inconformidad con el saldo del crédito o del monto de las amortizaciones ,'025711041165 ,'0577 ,,SI ,SI 
Operaciones Activas ,Crédito de nómina ,Crédito Simple (CN) ,Inconformidad con el monto de los gastos de apertura del crédito ,'025711041165 ,'0582 ,,SI ,SI 
Operaciones Activas ,Crédito de nómina ,Crédito Simple (CN) ,Crédito aprobado sin la entrega de recursos ,'025711041165 ,'0583 ,,SI ,
Operaciones Activas ,Crédito de nómina ,Crédito Simple (CN) ,Negociación de créditos (Orientación) ,'025711041165 ,'0666 ,SI ,,
Operaciones Activas ,Crédito de nómina ,Crédito Simple (CN) ,Consulta de saldos y movimientos no atendida ,'025711041165 ,'0712 ,,SI ,
Operaciones Activas ,Crédito de nómina ,Crédito Simple (CN) ,Actualización de historial crediticio no realizada ,'025711041165 ,'0730 ,,SI ,
Operaciones Activas ,Crédito de nómina ,Crédito Simple (CN) ,Beneficios no aplicados al crédito ,'025711041165 ,'0732 ,,SI ,
Operaciones Activas ,Crédito de nómina ,Crédito Simple (CN) ,Inconformidad con el monto de las primas devengadas del seguro vinculado ,'025711041165 ,'0751 ,,SI ,SI 
Operaciones Activas ,Crédito de nómina ,Crédito Simple (CN) ,Otorgamiento de crédito a menores ,'025711041165 ,'0761 ,,SI ,
Operaciones Activas ,Crédito de nómina ,Crédito Simple (CN) ,No entrega de acuse de recepción de la aclaración ,'025711041165 ,'0770 ,,SI ,
Operaciones Activas ,Crédito de nómina ,Crédito Simple (CN) ,Crédito no reconocido en el historial crediticio ,'025711041165 ,'0835 ,,SI ,
Operaciones Activas ,Crédito de nómina ,Crédito Simple (CN) ,Cobro de comisión por pago efectuado no aplicado ,'025711041165 ,'0840 ,,SI ,SI 
Operaciones Activas ,Crédito de nómina ,Crédito Simple (CN) ,Cobro no reconocido de intereses ordinarios y/o moratorios ,'025711041165 ,'0841 ,,SI ,SI 
Operaciones Activas ,Crédito de nómina ,Crédito Simple (CN) ,Convenio/reestructura de pago no respetado por la Institución ,'025711041165 ,'0842 ,,SI ,
Operaciones Activas ,Crédito de nómina ,Crédito Simple (CN) ,Eliminación de historial crediticio no realizada ,'025711041165 ,'0844 ,,SI ,
Operaciones Activas ,Crédito de nómina ,Crédito Simple (CN) ,Inconformidad con el cobro de comisión no reconocida o no pactada en el contrato ,'025711041165 ,'0849 ,,SI ,
Operaciones Activas ,Crédito de nómina ,Crédito Simple (CN) ,Inconformidad con el cobro de comisión por cancelación del crédito ,'025711041165 ,'0850 ,,SI ,SI 
Operaciones Activas ,Crédito de nómina ,Crédito Simple (CN) ,Inconformidad con el cobro de comisión por pago anticipado no pactada en el contrato ,'025711041165 ,'0851 ,,SI ,SI 
Operaciones Activas ,Crédito de nómina ,Crédito Simple (CN) ,Inconformidad con el cobro de intereses moratorios y accesorios durante el proceso de aclaración ,'025711041165 ,'0853 ,,SI ,
Operaciones Activas ,Crédito de nómina ,Crédito Simple (CN) ,Inconformidad con el cobro de intereses no pactados en el contrato ,'025711041165 ,'0854 ,,SI ,
Operaciones Activas ,Crédito de nómina ,Crédito Simple (CN) ,Inconformidad por cambio de Aseguradora ,'025711041165 ,'0857 ,,SI ,
Operaciones Activas ,Crédito de nómina ,Crédito Simple (CN) ,"La Institución no entrega la carta liberación de adeudos y/o carta finiquito, factura, garantía, gravamen, 1er testimonio ",'025711041165 ,'0858 ,,SI ,
Operaciones Activas ,Crédito de nómina ,Crédito Simple (CN) ,"El Usuario, cliente y/o socio no recibió el estado de cuenta con la leyenda de liquidación ",'025711041165 ,'0939 ,,SI ,
Operaciones Activas ,Crédito de nómina ,Crédito Simple (CN) ,"El Usuario, cliente y/o socio no reconoce haber celebrado contrato con la Institución ",'025711041165 ,'0940 ,,SI ,
Operaciones Activas ,Crédito de nómina ,Crédito Simple (CN) ,Inconformidad con el cobro de comisión posterior a la cancelación ,'025711041165 ,'0962 ,,SI ,
Operaciones Activas ,Crédito de nómina ,Crédito Simple (CN) ,Inconformidad con el cobro de comisión y accesorios por cancelación de crédito en términos de lo dispuesto en el contrato ,'025711041165 ,'0963 ,,SI ,SI 
Operaciones Activas ,Crédito de nómina ,Crédito Simple (CN) ,"Inconformidad con el cobro de productos o servicios no contratados por el Usuario, cliente y/o socio ",'025711041165 ,'0967 ,,SI ,
Operaciones Activas ,Crédito de nómina ,Crédito Simple (CN) ,Inconformidad con el cobro de varias comisiones por el mismo concepto/operación ,'025711041165 ,'0970 ,,SI ,SI 
Operaciones Activas ,Crédito de nómina ,Crédito Simple (CN) ,Inconformidad con la no aceptación de pago con otro medio diferente al efectivo ,'025711041165 ,'1011 ,,SI ,
Operaciones Activas ,Crédito de nómina ,Crédito Simple (CN) ,Incumplimiento con los términos del contrato ,'025711041165 ,'1042 ,,SI ,
Operaciones Activas ,Crédito de nómina ,Crédito Simple (CN) ,"Modificación de comisiones sin aviso previo al Usuario, cliente y/o socio ",'025711041165 ,'1058 ,,SI ,
Operaciones Activas ,Crédito de nómina ,Crédito Simple (CN) ,"Modificación de tasa contractual sin aviso previo al Usuario, cliente y/o socio ",'025711041165 ,'1060 ,,SI ,
Operaciones Activas ,Crédito de nómina ,Crédito Simple (CN) ,No entrega de tabla de amortización al momento de formalizar el contrato ,'025711041165 ,'1074 ,,SI ,
Operaciones Activas ,Crédito de nómina ,Crédito Simple (CN) ,"No envío de estados de cuenta al domicilio del Usuario, cliente y/o socio ",'025711041165 ,'1075 ,,SI ,
Operaciones Activas ,Crédito de nómina ,Crédito Simple (CN) ,Orientación sobre el funcionamiento de productos y servicios financieros ,'025711041165 ,'1079 ,SI ,,
Operaciones Activas ,Crédito de nómina ,Crédito Simple (CN) ,Pago o depósito no aplicado total o parcialmente al producto o servicio ,'025711041165 ,'1081 ,,SI ,SI 
Operaciones Activas ,Crédito de nómina ,Crédito Simple (CN) ,"Promociones, meses sin intereses, sorteos o premios no entregados o aplicados al Usuario, cliente y/o socio ",'025711041165 ,'1086 ,,SI ,SI 
Operaciones Activas ,Crédito de nómina ,Crédito Simple (CN) ,Solicitud de cancelación de producto o servicio no atendida y/o no aplicada ,'025711041165 ,'1101 ,,SI ,
Operaciones Activas ,Crédito de nómina ,Crédito Simple (CN) ,Información sobre la actualización de historial crediticio ,'025711041165 ,'1200 ,SI ,,
Operaciones Activas ,Crédito de nómina ,Crédito Simple (CN) ,Solicitud de estados de cuenta ,'025711041165 ,'1207 ,SI ,,
Operaciones Activas ,Crédito de nómina ,Crédito Simple (CN) ,Información del cobro de intereses ordinarios y/o moratorios ,'025711041165 ,'1211 ,SI ,,
Operaciones Activas ,Crédito de nómina ,Crédito Simple (CN) ,Información del cobro y/o con la prima del seguro ,'025711041165 ,'1213 ,SI ,,
Operaciones Activas ,Crédito de nómina ,Crédito Simple (CN) ,Información para la cancelación de producto o servicio ,'025711041165 ,'1217 ,SI ,,
Operaciones Activas ,Crédito de nómina ,Crédito Simple (CN) ,"Información para la entrega de la carta liberación de adeudos y/o carta finiquito, factura, garantía, gravamen, 1er testimonio ",'025711041165 ,'1221 ,SI ,,
Operaciones Activas ,Crédito de nómina ,Crédito Cuenta Corriente (CN) ,Solicitud de estados de cuenta no atendida ,'025711041166 ,'0188 ,,SI ,
Operaciones Activas ,Crédito de nómina ,Crédito Cuenta Corriente (CN) ,Inconformidad con el cobro y/o con la prima del seguro ,'025711041166 ,'0411 ,,SI ,SI 
Operaciones Activas ,Crédito de nómina ,Crédito Cuenta Corriente (CN) ,Inconformidad con el cobro de comisiones y/o gastos de investigación ,'025711041166 ,'0413 ,,SI ,SI 
Operaciones Activas ,Crédito de nómina ,Crédito Cuenta Corriente (CN) ,Inconformidad con el saldo del crédito o del monto de las amortizaciones ,'025711041166 ,'0577 ,,SI ,SI 
Operaciones Activas ,Crédito de nómina ,Crédito Cuenta Corriente (CN) ,Inconformidad con el monto de los gastos de apertura del crédito ,'025711041166 ,'0582 ,,SI ,SI 
Operaciones Activas ,Crédito de nómina ,Crédito Cuenta Corriente (CN) ,Crédito aprobado sin la entrega de recursos ,'025711041166 ,'0583 ,,SI ,
Operaciones Activas ,Crédito de nómina ,Crédito Cuenta Corriente (CN) ,Negociación de créditos (Orientación) ,'025711041166 ,'0666 ,SI ,,
Operaciones Activas ,Crédito de nómina ,Crédito Cuenta Corriente (CN) ,Consulta de saldos y movimientos no atendida ,'025711041166 ,'0712 ,,SI ,
Operaciones Activas ,Crédito de nómina ,Crédito Cuenta Corriente (CN) ,Actualización de historial crediticio no realizada ,'025711041166 ,'0730 ,,SI ,
Operaciones Activas ,Crédito de nómina ,Crédito Cuenta Corriente (CN) ,Beneficios no aplicados al crédito ,'025711041166 ,'0732 ,,SI ,
Operaciones Activas ,Crédito de nómina ,Crédito Cuenta Corriente (CN) ,Inconformidad con el monto de las primas devengadas del seguro vinculado ,'025711041166 ,'0751 ,,SI ,SI 
Operaciones Activas ,Crédito de nómina ,Crédito Cuenta Corriente (CN) ,Otorgamiento de crédito a menores ,'025711041166 ,'0761 ,,SI ,
Operaciones Activas ,Crédito de nómina ,Crédito Cuenta Corriente (CN) ,No entrega de acuse de recepción de la aclaración ,'025711041166 ,'0770 ,,SI ,
Operaciones Activas ,Crédito de nómina ,Crédito Cuenta Corriente (CN) ,Crédito no reconocido en el historial crediticio ,'025711041166 ,'0835 ,,SI ,
Operaciones Activas ,Crédito de nómina ,Crédito Cuenta Corriente (CN) ,Cobro de comisión por pago efectuado no aplicado ,'025711041166 ,'0840 ,,SI ,SI 
Operaciones Activas ,Crédito de nómina ,Crédito Cuenta Corriente (CN) ,Cobro no reconocido de intereses ordinarios y/o moratorios ,'025711041166 ,'0841 ,,SI ,SI 
Operaciones Activas ,Crédito de nómina ,Crédito Cuenta Corriente (CN) ,Convenio/reestructura de pago no respetado por la Institución ,'025711041166 ,'0842 ,,SI ,
Operaciones Activas ,Crédito de nómina ,Crédito Cuenta Corriente (CN) ,Eliminación de historial crediticio no realizada ,'025711041166 ,'0844 ,,SI ,
Operaciones Activas ,Crédito de nómina ,Crédito Cuenta Corriente (CN) ,Inconformidad con el cobro de comisión no reconocida o no pactada en el contrato ,'025711041166 ,'0849 ,,SI ,
Operaciones Activas ,Crédito de nómina ,Crédito Cuenta Corriente (CN) ,Inconformidad con el cobro de comisión por cancelación del crédito ,'025711041166 ,'0850 ,,SI ,SI 
Operaciones Activas ,Crédito de nómina ,Crédito Cuenta Corriente (CN) ,Inconformidad con el cobro de comisión por pago anticipado no pactada en el contrato ,'025711041166 ,'0851 ,,SI ,SI 
Operaciones Activas ,Crédito de nómina ,Crédito Cuenta Corriente (CN) ,Inconformidad con el cobro de intereses moratorios y accesorios durante el proceso de aclaración ,'025711041166 ,'0853 ,,SI ,
Operaciones Activas ,Crédito de nómina ,Crédito Cuenta Corriente (CN) ,Inconformidad con el cobro de intereses no pactados en el contrato ,'025711041166 ,'0854 ,,SI ,
Operaciones Activas ,Crédito de nómina ,Crédito Cuenta Corriente (CN) ,Inconformidad por cambio de Aseguradora ,'025711041166 ,'0857 ,,SI ,
Operaciones Activas ,Crédito de nómina ,Crédito Cuenta Corriente (CN) ,"La Institución no entrega la carta liberación de adeudos y/o carta finiquito, factura, garantía, gravamen, 1er testimonio ",'025711041166 ,'0858 ,,SI ,
Operaciones Activas ,Crédito de nómina ,Crédito Cuenta Corriente (CN) ,"El Usuario, cliente y/o socio no recibió el estado de cuenta con la leyenda de liquidación ",'025711041166 ,'0939 ,,SI ,
Operaciones Activas ,Crédito de nómina ,Crédito Cuenta Corriente (CN) ,"El Usuario, cliente y/o socio no reconoce haber celebrado contrato con la Institución ",'025711041166 ,'0940 ,,SI ,
Operaciones Activas ,Crédito de nómina ,Crédito Cuenta Corriente (CN) ,Inconformidad con el cobro de comisión posterior a la cancelación ,'025711041166 ,'0962 ,,SI ,
Operaciones Activas ,Crédito de nómina ,Crédito Cuenta Corriente (CN) ,Inconformidad con el cobro de comisión y accesorios por cancelación de crédito en términos de lo dispuesto en el contrato ,'025711041166 ,'0963 ,,SI ,SI 
Operaciones Activas ,Crédito de nómina ,Crédito Cuenta Corriente (CN) ,"Inconformidad con el cobro de productos o servicios no contratados por el Usuario, cliente y/o socio ",'025711041166 ,'0967 ,,SI ,
Operaciones Activas ,Crédito de nómina ,Crédito Cuenta Corriente (CN) ,Inconformidad con el cobro de varias comisiones por el mismo concepto/operación ,'025711041166 ,'0970 ,,SI ,SI 
Operaciones Activas ,Crédito de nómina ,Crédito Cuenta Corriente (CN) ,Inconformidad con la aclaración de los términos del contrato ,'025711041166 ,'1005 ,,SI ,
Operaciones Activas ,Crédito con garantía prendaria ,Crédito Cuenta Corriente (CGP) ,"Información para la entrega de la carta liberación de adeudos y/o carta finiquito, factura, garantía, gravamen, 1er testimonio ",'025711031164 ,'1221 ,SI ,,
Operaciones Activas ,Crédito de nómina ,Crédito Simple (CN) ,"Crédito otorgado sin ser solicitado ni autorizado por el Usuario, cliente y/o socio ",'025711041165 ,'0913 ,,SI ,
Operaciones Activas ,Crédito de nómina ,Crédito Cuenta Corriente (CN) ,"Crédito otorgado sin ser solicitado ni autorizado por el Usuario, cliente y/o socio ",'025711041166 ,'0913 ,,SI ,
Operaciones Activas ,Crédito de nómina ,Crédito Simple (CN) ,Inconformidad con la aclaración de los términos del contrato ,'025711041165 ,'1005 ,,SI ,
Operaciones Activas ,Crédito de nómina ,Crédito Cuenta Corriente (CN) ,Inconformidad con la no aceptación de pago con otro medio diferente al efectivo ,'025711041166 ,'1011 ,,SI ,
Operaciones Activas ,Crédito de nómina ,Crédito Cuenta Corriente (CN) ,Incumplimiento con los términos del contrato ,'025711041166 ,'1042 ,,SI ,
Operaciones Activas ,Crédito de nómina ,Crédito Cuenta Corriente (CN) ,"Modificación de comisiones sin aviso previo al Usuario, cliente y/o socio ",'025711041166 ,'1058 ,,SI ,
Operaciones Activas ,Crédito de nómina ,Crédito Cuenta Corriente (CN) ,"Modificación de tasa contractual sin aviso previo al Usuario, cliente y/o socio ",'025711041166 ,'1060 ,,SI ,
Operaciones Activas ,Crédito de nómina ,Crédito Cuenta Corriente (CN) ,No entrega de tabla de amortización al momento de formalizar el contrato ,'025711041166 ,'1074 ,,SI ,
Operaciones Activas ,Crédito de nómina ,Crédito Cuenta Corriente (CN) ,"No envío de estados de cuenta al domicilio del Usuario, cliente y/o socio ",'025711041166 ,'1075 ,,SI ,
Operaciones Activas ,Crédito de nómina ,Crédito Cuenta Corriente (CN) ,Orientación sobre el funcionamiento de productos y servicios financieros ,'025711041166 ,'1079 ,SI ,,
Operaciones Activas ,Crédito de nómina ,Crédito Cuenta Corriente (CN) ,Pago o depósito no aplicado total o parcialmente al producto o servicio ,'025711041166 ,'1081 ,,SI ,SI 
Operaciones Activas ,Crédito de nómina ,Crédito Cuenta Corriente (CN) ,"Promociones, meses sin intereses, sorteos o premios no entregados o aplicados al Usuario, cliente y/o socio ",'025711041166 ,'1086 ,,SI ,SI 
Operaciones Activas ,Crédito de nómina ,Crédito Cuenta Corriente (CN) ,Solicitud de cancelación de producto o servicio no atendida y/o no aplicada ,'025711041166 ,'1101 ,,SI ,
Operaciones Activas ,Crédito de nómina ,Crédito Cuenta Corriente (CN) ,Información sobre la actualización de historial crediticio ,'025711041166 ,'1200 ,SI ,,
Operaciones Activas ,Crédito de nómina ,Crédito Cuenta Corriente (CN) ,Solicitud de estados de cuenta ,'025711041166 ,'1207 ,SI ,,
Operaciones Activas ,Crédito de nómina ,Crédito Cuenta Corriente (CN) ,Información del cobro de intereses ordinarios y/o moratorios ,'025711041166 ,'1211 ,SI ,,
Operaciones Activas ,Crédito de nómina ,Crédito Cuenta Corriente (CN) ,Información del cobro y/o con la prima del seguro ,'025711041166 ,'1213 ,SI ,,
Operaciones Activas ,Crédito de nómina ,Crédito Cuenta Corriente (CN) ,Información para la cancelación de producto o servicio ,'025711041166 ,'1217 ,SI ,,
Operaciones Activas ,Crédito de nómina ,Crédito Cuenta Corriente (CN) ,"Información para la entrega de la carta liberación de adeudos y/o carta finiquito, factura, garantía, gravamen, 1er testimonio ",'025711041166 ,'1221 ,SI ,,
Operaciones Activas ,Crédito empresarial ,Crédito Simple (CE) ,Solicitud de estados de cuenta no atendida ,'025711051167 ,'0188 ,,SI ,
Operaciones Activas ,Crédito empresarial ,Crédito Simple (CE) ,Inconformidad con la recepción de pagos ,'025711051167 ,'0353 ,,SI ,
Operaciones Activas ,Crédito empresarial ,Crédito Simple (CE) ,Inconformidad con el cobro de comisiones y/o gastos de investigación ,'025711051167 ,'0413 ,,SI ,SI 
Operaciones Activas ,Crédito empresarial ,Crédito Simple (CE) ,Inconformidad con el saldo del crédito o del monto de las amortizaciones ,'025711051167 ,'0577 ,,SI ,SI 
Operaciones Activas ,Crédito empresarial ,Crédito Simple (CE) ,Inconformidad con el monto de los gastos de apertura del crédito ,'025711051167 ,'0582 ,,SI ,SI 
Operaciones Activas ,Crédito empresarial ,Crédito Simple (CE) ,Crédito aprobado sin la entrega de recursos ,'025711051167 ,'0583 ,,SI ,
Operaciones Activas ,Crédito empresarial ,Crédito Simple (CE) ,Inconformidad con el monto de las primas de los seguros por lo que respecta a la amortización ,'025711051167 ,'0611 ,,SI ,SI 
Operaciones Activas ,Crédito empresarial ,Crédito Simple (CE) ,Negociación de créditos (Orientación) ,'025711051167 ,'0666 ,SI ,,
Operaciones Activas ,Crédito empresarial ,Crédito Simple (CE) ,Consulta de saldos y movimientos no atendida ,'025711051167 ,'0712 ,,SI ,
Operaciones Activas ,Crédito empresarial ,Crédito Simple (CE) ,Actualización de historial crediticio no realizada ,'025711051167 ,'0730 ,,SI ,
Operaciones Activas ,Crédito empresarial ,Crédito Simple (CE) ,Beneficios no aplicados al crédito ,'025711051167 ,'0732 ,,SI ,
Operaciones Activas ,Crédito empresarial ,Crédito Simple (CE) ,Inconformidad con el monto de las primas devengadas del seguro vinculado ,'025711051167 ,'0751 ,,SI ,SI 
Operaciones Activas ,Crédito empresarial ,Crédito Simple (CE) ,No entrega de acuse de recepción de la aclaración ,'025711051167 ,'0770 ,,SI ,
Operaciones Activas ,Crédito empresarial ,Crédito Simple (CE) ,Crédito no reconocido en el historial crediticio ,'025711051167 ,'0835 ,,SI ,
Operaciones Activas ,Crédito empresarial ,Crédito Simple (CE) ,Cobro de comisión por pago efectuado no aplicado ,'025711051167 ,'0840 ,,SI ,SI 
Operaciones Activas ,Crédito empresarial ,Crédito Simple (CE) ,Cobro no reconocido de intereses ordinarios y/o moratorios ,'025711051167 ,'0841 ,,SI ,SI 
Operaciones Activas ,Crédito empresarial ,Crédito Simple (CE) ,Convenio/reestructura de pago no respetado por la Institución ,'025711051167 ,'0842 ,,SI ,
Operaciones Activas ,Crédito empresarial ,Crédito Simple (CE) ,Eliminación de historial crediticio no realizada ,'025711051167 ,'0844 ,,SI ,
Operaciones Activas ,Crédito empresarial ,Crédito Simple (CE) ,Inconformidad con el cobro de comisión no reconocida o no pactada en el contrato ,'025711051167 ,'0849 ,,SI ,
Operaciones Activas ,Crédito empresarial ,Crédito Simple (CE) ,Inconformidad con el cobro de comisión por cancelación del crédito ,'025711051167 ,'0850 ,,SI ,SI 
Operaciones Activas ,Crédito empresarial ,Crédito Simple (CE) ,Inconformidad con el cobro de comisión por pago anticipado no pactada en el contrato ,'025711051167 ,'0851 ,,SI ,SI 
Operaciones Activas ,Crédito empresarial ,Crédito Simple (CE) ,Inconformidad con el cobro de intereses moratorios y accesorios durante el proceso de aclaración ,'025711051167 ,'0853 ,,SI ,
Operaciones Activas ,Crédito empresarial ,Crédito Simple (CE) ,Inconformidad con el cobro de intereses no pactados en el contrato ,'025711051167 ,'0854 ,,SI ,
Operaciones Activas ,Crédito empresarial ,Crédito Simple (CE) ,Inconformidad con el monto de la prima de los seguros y/o con la forma del pago del mismo ,'025711051167 ,'0855 ,,SI ,SI 
Operaciones Activas ,Crédito empresarial ,Crédito Simple (CE) ,Inconformidad por cambio de Aseguradora ,'025711051167 ,'0857 ,,SI ,
Operaciones Activas ,Crédito empresarial ,Crédito Simple (CE) ,"La Institución no entrega la carta liberación de adeudos y/o carta finiquito, factura, garantía, gravamen, 1er testimonio ",'025711051167 ,'0858 ,,SI ,
Operaciones Activas ,Crédito empresarial ,Crédito Simple (CE) ,"Crédito otorgado sin ser solicitado ni autorizado por el Usuario, cliente y/o socio ",'025711051167 ,'0913 ,,SI ,
Operaciones Activas ,Crédito empresarial ,Crédito Simple (CE) ,"El Usuario, cliente y/o socio no recibió el estado de cuenta con la leyenda de liquidación ",'025711051167 ,'0939 ,,SI ,
Operaciones Activas ,Crédito empresarial ,Crédito Simple (CE) ,"El Usuario, cliente y/o socio no reconoce haber celebrado contrato con la Institución ",'025711051167 ,'0940 ,,SI ,
Operaciones Activas ,Crédito empresarial ,Crédito Simple (CE) ,Inconformidad con el cobro de comisión y accesorios por cancelación de crédito en términos de lo dispuesto en el contrato ,'025711051167 ,'0963 ,,SI ,SI 
Operaciones Activas ,Crédito empresarial ,Crédito Simple (CE) ,"Inconformidad con el cobro de productos o servicios no contratados por el Usuario, cliente y/o socio ",'025711051167 ,'0967 ,,SI ,
Operaciones Activas ,Crédito empresarial ,Crédito Simple (CE) ,"Inconformidad con el cobro de remanentes a favor del Usuario, cliente y/o socio ",'025711051167 ,'0969 ,,SI ,SI 
Operaciones Activas ,Crédito empresarial ,Crédito Simple (CE) ,Inconformidad con la aclaración de los términos del contrato ,'025711051167 ,'1005 ,,SI ,
Operaciones Activas ,Crédito empresarial ,Crédito Simple (CE) ,Inconformidad con la no aceptación de pago con otro medio diferente al efectivo ,'025711051167 ,'1011 ,,SI ,
Operaciones Activas ,Crédito empresarial ,Crédito Simple (CE) ,Incumplimiento con los términos del contrato ,'025711051167 ,'1042 ,,SI ,
Operaciones Activas ,Crédito empresarial ,Crédito Simple (CE) ,"Modificación de comisiones sin aviso previo al Usuario, cliente y/o socio ",'025711051167 ,'1058 ,,SI ,
Operaciones Activas ,Crédito empresarial ,Crédito Simple (CE) ,"Modificación de tasa contractual sin aviso previo al Usuario, cliente y/o socio ",'025711051167 ,'1060 ,,SI ,
Operaciones Activas ,Crédito empresarial ,Crédito Simple (CE) ,Negativa a cumplir con la conclusión anticipada establecida en el contrato ,'025711051167 ,'1064 ,,SI ,
Operaciones Activas ,Crédito empresarial ,Crédito Simple (CE) ,No entrega de tabla de amortización al momento de formalizar el contrato ,'025711051167 ,'1074 ,,SI ,
Operaciones Activas ,Crédito empresarial ,Crédito Simple (CE) ,"No envío de estados de cuenta al domicilio del Usuario, cliente y/o socio ",'025711051167 ,'1075 ,,SI ,
Operaciones Activas ,Crédito empresarial ,Crédito Simple (CE) ,Orientación sobre el funcionamiento de productos y servicios financieros ,'025711051167 ,'1079 ,SI ,,
Operaciones Activas ,Crédito empresarial ,Crédito Simple (CE) ,Pago o depósito no aplicado total o parcialmente al producto o servicio ,'025711051167 ,'1081 ,,SI ,SI 
Operaciones Activas ,Crédito empresarial ,Crédito Simple (CE) ,Solicitud de cancelación de producto o servicio no atendida y/o no aplicada ,'025711051167 ,'1101 ,,SI ,
Operaciones Activas ,Crédito empresarial ,Crédito Simple (CE) ,Información sobre la actualización de historial crediticio ,'025711051167 ,'1200 ,SI ,,
Operaciones Activas ,Crédito empresarial ,Crédito Simple (CE) ,Consulta del monto de las primas de los seguros por lo que respecta a la amortización ,'025711051167 ,'1204 ,SI ,,
Operaciones Activas ,Crédito empresarial ,Crédito Simple (CE) ,Solicitud de estados de cuenta ,'025711051167 ,'1207 ,SI ,,
Operaciones Activas ,Crédito empresarial ,Crédito Simple (CE) ,Información del cobro de intereses ordinarios y/o moratorios ,'025711051167 ,'1211 ,SI ,,
Operaciones Activas ,Crédito empresarial ,Crédito Simple (CE) ,Información para la cancelación de producto o servicio ,'025711051167 ,'1217 ,SI ,,
Operaciones Activas ,Crédito empresarial ,Crédito Simple (CE) ,"Información para la entrega de la carta liberación de adeudos y/o carta finiquito, factura, garantía, gravamen, 1er testimonio ",'025711051167 ,'1221 ,SI ,,
Operaciones Activas ,Crédito empresarial ,Crédito Cuenta Corriente (CE) ,Solicitud de estados de cuenta no atendida ,'025711051168 ,'0188 ,,SI ,
Operaciones Activas ,Crédito empresarial ,Crédito Cuenta Corriente (CE) ,Inconformidad con la recepción de pagos ,'025711051168 ,'0353 ,,SI ,
Operaciones Activas ,Crédito empresarial ,Crédito Cuenta Corriente (CE) ,Inconformidad con el cobro de comisiones y/o gastos de investigación ,'025711051168 ,'0413 ,,SI ,SI 
Operaciones Activas ,Crédito empresarial ,Crédito Cuenta Corriente (CE) ,Inconformidad con el saldo del crédito o del monto de las amortizaciones ,'025711051168 ,'0577 ,,SI ,SI 
Operaciones Activas ,Crédito empresarial ,Crédito Cuenta Corriente (CE) ,Inconformidad con el monto de los gastos de apertura del crédito ,'025711051168 ,'0582 ,,SI ,SI 
Operaciones Activas ,Crédito empresarial ,Crédito Cuenta Corriente (CE) ,Crédito aprobado sin la entrega de recursos ,'025711051168 ,'0583 ,,SI ,
Operaciones Activas ,Crédito empresarial ,Crédito Cuenta Corriente (CE) ,Inconformidad con el monto de las primas de los seguros por lo que respecta a la amortización ,'025711051168 ,'0611 ,,SI ,SI 
Operaciones Activas ,Crédito empresarial ,Crédito Cuenta Corriente (CE) ,Negociación de créditos (Orientación) ,'025711051168 ,'0666 ,SI ,,
Operaciones Activas ,Crédito empresarial ,Crédito Cuenta Corriente (CE) ,Consulta de saldos y movimientos no atendida ,'025711051168 ,'0712 ,,SI ,
Operaciones Activas ,Crédito empresarial ,Crédito Cuenta Corriente (CE) ,Actualización de historial crediticio no realizada ,'025711051168 ,'0730 ,,SI ,
Operaciones Activas ,Crédito empresarial ,Crédito Cuenta Corriente (CE) ,Beneficios no aplicados al crédito ,'025711051168 ,'0732 ,,SI ,
Operaciones Activas ,Crédito empresarial ,Crédito Cuenta Corriente (CE) ,Inconformidad con el monto de las primas devengadas del seguro vinculado ,'025711051168 ,'0751 ,,SI ,SI 
Operaciones Activas ,Crédito empresarial ,Crédito Cuenta Corriente (CE) ,No entrega de acuse de recepción de la aclaración ,'025711051168 ,'0770 ,,SI ,
Operaciones Activas ,Crédito empresarial ,Crédito Cuenta Corriente (CE) ,Crédito no reconocido en el historial crediticio ,'025711051168 ,'0835 ,,SI ,
Operaciones Activas ,Crédito empresarial ,Crédito Cuenta Corriente (CE) ,Cobro de comisión por pago efectuado no aplicado ,'025711051168 ,'0840 ,,SI ,SI 
Operaciones Activas ,Crédito empresarial ,Crédito Cuenta Corriente (CE) ,Cobro no reconocido de intereses ordinarios y/o moratorios ,'025711051168 ,'0841 ,,SI ,SI 
Operaciones Activas ,Crédito empresarial ,Crédito Cuenta Corriente (CE) ,Convenio/reestructura de pago no respetado por la Institución ,'025711051168 ,'0842 ,,SI ,
Operaciones Activas ,Crédito empresarial ,Crédito Cuenta Corriente (CE) ,Eliminación de historial crediticio no realizada ,'025711051168 ,'0844 ,,SI ,
Operaciones Activas ,Crédito empresarial ,Crédito Cuenta Corriente (CE) ,Inconformidad con el cobro de comisión no reconocida o no pactada en el contrato ,'025711051168 ,'0849 ,,SI ,
Operaciones Activas ,Crédito empresarial ,Crédito Cuenta Corriente (CE) ,Inconformidad con el cobro de comisión por cancelación del crédito ,'025711051168 ,'0850 ,,SI ,SI 
Operaciones Activas ,Crédito empresarial ,Crédito Cuenta Corriente (CE) ,Inconformidad con el cobro de comisión por pago anticipado no pactada en el contrato ,'025711051168 ,'0851 ,,SI ,SI 
Operaciones Activas ,Crédito empresarial ,Crédito Cuenta Corriente (CE) ,Inconformidad con el cobro de intereses moratorios y accesorios durante el proceso de aclaración ,'025711051168 ,'0853 ,,SI ,
Operaciones Activas ,Crédito empresarial ,Crédito Cuenta Corriente (CE) ,Inconformidad con el cobro de intereses no pactados en el contrato ,'025711051168 ,'0854 ,,SI ,
Operaciones Activas ,Crédito empresarial ,Crédito Cuenta Corriente (CE) ,Inconformidad con el monto de la prima de los seguros y/o con la forma del pago del mismo ,'025711051168 ,'0855 ,,SI ,SI 
Operaciones Activas ,Crédito empresarial ,Crédito Cuenta Corriente (CE) ,Inconformidad por cambio de Aseguradora ,'025711051168 ,'0857 ,,SI ,
Operaciones Activas ,Crédito empresarial ,Crédito Cuenta Corriente (CE) ,"La Institución no entrega la carta liberación de adeudos y/o carta finiquito, factura, garantía, gravamen, 1er testimonio ",'025711051168 ,'0858 ,,SI ,
Operaciones Activas ,Crédito empresarial ,Crédito Cuenta Corriente (CE) ,"Crédito otorgado sin ser solicitado ni autorizado por el Usuario, cliente y/o socio ",'025711051168 ,'0913 ,,SI ,
Operaciones Activas ,Crédito empresarial ,Crédito Cuenta Corriente (CE) ,"El Usuario, cliente y/o socio no recibió el estado de cuenta con la leyenda de liquidación ",'025711051168 ,'0939 ,,SI ,
Operaciones Activas ,Crédito empresarial ,Crédito Cuenta Corriente (CE) ,"El Usuario, cliente y/o socio no reconoce haber celebrado contrato con la Institución ",'025711051168 ,'0940 ,,SI ,
Operaciones Activas ,Crédito empresarial ,Crédito Cuenta Corriente (CE) ,Inconformidad con el cobro de comisión y accesorios por cancelación de crédito en términos de lo dispuesto en el contrato ,'025711051168 ,'0963 ,,SI ,SI 
Operaciones Activas ,Crédito empresarial ,Crédito Cuenta Corriente (CE) ,"Inconformidad con el cobro de productos o servicios no contratados por el Usuario, cliente y/o socio ",'025711051168 ,'0967 ,,SI ,
Operaciones Activas ,Crédito empresarial ,Crédito Cuenta Corriente (CE) ,"Inconformidad con el cobro de remanentes a favor del Usuario, cliente y/o socio ",'025711051168 ,'0969 ,,SI ,SI 
Operaciones Activas ,Crédito empresarial ,Crédito Cuenta Corriente (CE) ,Inconformidad con la aclaración de los términos del contrato ,'025711051168 ,'1005 ,,SI ,
Operaciones Activas ,Crédito empresarial ,Crédito Cuenta Corriente (CE) ,Inconformidad con la no aceptación de pago con otro medio diferente al efectivo ,'025711051168 ,'1011 ,,SI ,
Operaciones Activas ,Crédito empresarial ,Crédito Cuenta Corriente (CE) ,Incumplimiento con los términos del contrato ,'025711051168 ,'1042 ,,SI ,
Operaciones Activas ,Crédito empresarial ,Crédito Cuenta Corriente (CE) ,"Modificación de comisiones sin aviso previo al Usuario, cliente y/o socio ",'025711051168 ,'1058 ,,SI ,
Operaciones Activas ,Crédito empresarial ,Crédito Cuenta Corriente (CE) ,"Modificación de tasa contractual sin aviso previo al Usuario, cliente y/o socio ",'025711051168 ,'1060 ,,SI ,
Operaciones Activas ,Crédito empresarial ,Crédito Cuenta Corriente (CE) ,Negativa a cumplir con la conclusión anticipada establecida en el contrato ,'025711051168 ,'1064 ,,SI ,
Operaciones Activas ,Crédito empresarial ,Crédito Cuenta Corriente (CE) ,No entrega de tabla de amortización al momento de formalizar el contrato ,'025711051168 ,'1074 ,,SI ,
Operaciones Activas ,Crédito empresarial ,Crédito Cuenta Corriente (CE) ,"No envío de estados de cuenta al domicilio del Usuario, cliente y/o socio ",'025711051168 ,'1075 ,,SI ,
Operaciones Activas ,Crédito empresarial ,Crédito Cuenta Corriente (CE) ,Orientación sobre el funcionamiento de productos y servicios financieros ,'025711051168 ,'1079 ,SI ,,
Operaciones Activas ,Crédito empresarial ,Crédito Cuenta Corriente (CE) ,Pago o depósito no aplicado total o parcialmente al producto o servicio ,'025711051168 ,'1081 ,,SI ,SI 
Operaciones Activas ,Crédito empresarial ,Crédito Cuenta Corriente (CE) ,Solicitud de cancelación de producto o servicio no atendida y/o no aplicada ,'025711051168 ,'1101 ,,SI ,
Operaciones Activas ,Crédito empresarial ,Crédito Cuenta Corriente (CE) ,Información sobre la actualización de historial crediticio ,'025711051168 ,'1200 ,SI ,,
Operaciones Activas ,Crédito empresarial ,Crédito Cuenta Corriente (CE) ,Consulta del monto de las primas de los seguros por lo que respecta a la amortización ,'025711051168 ,'1204 ,SI ,,
Operaciones Activas ,Crédito empresarial ,Crédito Cuenta Corriente (CE) ,Solicitud de estados de cuenta ,'025711051168 ,'1207 ,SI ,,
Operaciones Activas ,Crédito empresarial ,Crédito Cuenta Corriente (CE) ,Información del cobro de intereses ordinarios y/o moratorios ,'025711051168 ,'1211 ,SI ,,
Operaciones Activas ,Crédito empresarial ,Crédito Cuenta Corriente (CE) ,Información para la cancelación de producto o servicio ,'025711051168 ,'1217 ,SI ,,
Operaciones Activas ,Crédito empresarial ,Crédito Cuenta Corriente (CE) ,"Información para la entrega de la carta liberación de adeudos y/o carta finiquito, factura, garantía, gravamen, 1er testimonio ",'025711051168 ,'1221 ,SI ,,
Operaciones Activas ,Crédito hipotecario ,Crédito Simple (CH) ,Solicitud de estados de cuenta no atendida ,'025711061169 ,'0188 ,,SI ,
Operaciones Activas ,Crédito hipotecario ,Crédito Simple (CH) ,Inconformidad con la recepción de pagos ,'025711061169 ,'0353 ,,SI ,
Operaciones Activas ,Crédito hipotecario ,Crédito Simple (CH) ,Inconformidad con el cobro de comisiones y/o gastos de investigación ,'025711061169 ,'0413 ,,SI ,SI 
Operaciones Activas ,Crédito hipotecario ,Crédito Simple (CH) ,Inconformidad con el saldo del crédito o del monto de las amortizaciones ,'025711061169 ,'0577 ,,SI ,SI 
Operaciones Activas ,Crédito hipotecario ,Crédito Simple (CH) ,Inconformidad con el monto de los gastos de apertura del crédito ,'025711061169 ,'0582 ,,SI ,SI 
Operaciones Activas ,Crédito hipotecario ,Crédito Simple (CH) ,Crédito aprobado sin la entrega de recursos ,'025711061169 ,'0583 ,,SI ,
Operaciones Activas ,Crédito hipotecario ,Crédito Simple (CH) ,Inconformidad con el monto de las primas de los seguros por lo que respecta a la amortización ,'025711061169 ,'0611 ,,SI ,SI 
Operaciones Activas ,Crédito hipotecario ,Crédito Simple (CH) ,Inconformidad respecto del saldo a favor después del siniestro ,'025711061169 ,'0612 ,,SI ,SI 
Operaciones Activas ,Crédito hipotecario ,Crédito Simple (CH) ,Negociación de créditos (Orientación) ,'025711061169 ,'0666 ,SI ,,
Operaciones Activas ,Crédito hipotecario ,Crédito Simple (CH) ,Consulta de saldos y movimientos no atendida ,'025711061169 ,'0712 ,,SI ,
Operaciones Activas ,Crédito hipotecario ,Crédito Simple (CH) ,Actualización de historial crediticio no realizada ,'025711061169 ,'0730 ,,SI ,
Operaciones Activas ,Crédito hipotecario ,Crédito Simple (CH) ,Beneficios no aplicados al crédito ,'025711061169 ,'0732 ,,SI ,
Operaciones Activas ,Crédito hipotecario ,Crédito Simple (CH) ,"Cobro de nuevas comisiones sin aviso previo al Usuario, cliente y/o socio ",'025711061169 ,'0734 ,,SI ,
Operaciones Activas ,Crédito hipotecario ,Crédito Simple (CH) ,Inconformidad con el monto de las primas devengadas del seguro vinculado ,'025711061169 ,'0751 ,,SI ,SI 
Operaciones Activas ,Crédito hipotecario ,Crédito Simple (CH) ,No se otorgó oferta vinculante o no se respetó ,'025711061169 ,'0760 ,,SI ,
Operaciones Activas ,Crédito hipotecario ,Crédito Simple (CH) ,Otorgamiento de crédito a menores ,'025711061169 ,'0761 ,,SI ,
Operaciones Activas ,Crédito hipotecario ,Crédito Simple (CH) ,No entrega de acuse de recepción de la aclaración ,'025711061169 ,'0770 ,,SI ,
Operaciones Activas ,Crédito hipotecario ,Crédito Simple (CH) ,Crédito no reconocido en el historial crediticio ,'025711061169 ,'0835 ,,SI ,
Operaciones Activas ,Crédito hipotecario ,Crédito Simple (CH) ,Cobro de comisión por pago efectuado no aplicado ,'025711061169 ,'0840 ,,SI ,SI 
Operaciones Activas ,Crédito hipotecario ,Crédito Simple (CH) ,Cobro no reconocido de intereses ordinarios y/o moratorios ,'025711061169 ,'0841 ,,SI ,SI 
Operaciones Activas ,Crédito hipotecario ,Crédito Simple (CH) ,Convenio/reestructura de pago no respetado por la Institución ,'025711061169 ,'0842 ,,SI ,
Operaciones Activas ,Crédito hipotecario ,Crédito Simple (CH) ,Eliminación de historial crediticio no realizada ,'025711061169 ,'0844 ,,SI ,
Operaciones Activas ,Crédito hipotecario ,Crédito Simple (CH) ,Inconformidad con el cobro de comisión no reconocida o no pactada en el contrato ,'025711061169 ,'0849 ,,SI ,
Operaciones Activas ,Crédito hipotecario ,Crédito Simple (CH) ,Inconformidad con el cobro de comisión por cancelación del crédito ,'025711061169 ,'0850 ,,SI ,SI 
Operaciones Activas ,Crédito hipotecario ,Crédito Simple (CH) ,Inconformidad con el cobro de comisión por pago anticipado no pactada en el contrato ,'025711061169 ,'0851 ,,SI ,SI 
Operaciones Activas ,Crédito hipotecario ,Crédito Simple (CH) ,Inconformidad con el cobro de intereses moratorios y accesorios durante el proceso de aclaración ,'025711061169 ,'0853 ,,SI ,
Operaciones Activas ,Crédito hipotecario ,Crédito Simple (CH) ,Inconformidad con el cobro de intereses no pactados en el contrato ,'025711061169 ,'0854 ,,SI ,
Operaciones Activas ,Crédito hipotecario ,Crédito Simple (CH) ,Inconformidad con el monto de la prima de los seguros y/o con la forma del pago del mismo ,'025711061169 ,'0855 ,,SI ,SI 
Operaciones Activas ,Crédito hipotecario ,Crédito Simple (CH) ,Inconformidad por cambio de Aseguradora ,'025711061169 ,'0857 ,,SI ,
Operaciones Activas ,Crédito hipotecario ,Crédito Simple (CH) ,"La Institución no entrega la carta liberación de adeudos y/o carta finiquito, factura, garantía, gravamen, 1er testimonio ",'025711061169 ,'0858 ,,SI ,
Operaciones Activas ,Crédito hipotecario ,Crédito Simple (CH) ,"Crédito otorgado sin ser solicitado ni autorizado por el Usuario, cliente y/o socio ",'025711061169 ,'0913 ,,SI ,
Operaciones Activas ,Crédito hipotecario ,Crédito Simple (CH) ,"El Usuario, cliente y/o socio no recibió el estado de cuenta con la leyenda de liquidación ",'025711061169 ,'0939 ,,SI ,
Operaciones Activas ,Crédito hipotecario ,Crédito Simple (CH) ,Inconformidad con el cobro de comisión por extender oferta vinculante ,'025711061169 ,'0956 ,,SI ,
Operaciones Activas ,Crédito hipotecario ,Crédito Simple (CH) ,Inconformidad con el cobro de comisión por subrogación de crédito ,'025711061169 ,'0961 ,,SI ,SI 
Operaciones Activas ,Crédito hipotecario ,Crédito Simple (CH) ,Inconformidad con el cobro de comisión y accesorios por cancelación de crédito en términos de lo dispuesto en el contrato ,'025711061169 ,'0963 ,,SI ,SI 
Operaciones Activas ,Crédito hipotecario ,Crédito Simple (CH) ,"Inconformidad con el cobro de productos o servicios no contratados por el Usuario, cliente y/o socio ",'025711061169 ,'0967 ,,SI ,
Operaciones Activas ,Crédito hipotecario ,Crédito Simple (CH) ,"Inconformidad con el cobro de remanentes a favor del Usuario, cliente y/o socio ",'025711061169 ,'0969 ,,SI ,SI 
Operaciones Activas ,Crédito hipotecario ,Crédito Simple (CH) ,Inconformidad con la aclaración de los términos del contrato ,'025711061169 ,'1005 ,,SI ,
Operaciones Activas ,Crédito hipotecario ,Crédito Simple (CH) ,Inconformidad con la no aceptación de pago con otro medio diferente al efectivo ,'025711061169 ,'1011 ,,SI ,
Operaciones Activas ,Crédito hipotecario ,Crédito Simple (CH) ,Incumplimiento con los términos del contrato ,'025711061169 ,'1042 ,,SI ,
Operaciones Activas ,Crédito hipotecario ,Crédito Simple (CH) ,"Modificación de comisiones sin aviso previo al Usuario, cliente y/o socio ",'025711061169 ,'1058 ,,SI ,
Operaciones Activas ,Crédito hipotecario ,Crédito Simple (CH) ,"Modificación de tasa contractual sin aviso previo al Usuario, cliente y/o socio ",'025711061169 ,'1060 ,,SI ,
Operaciones Activas ,Crédito hipotecario ,Crédito Simple (CH) ,Negativa a cumplir con la conclusión anticipada establecida en el contrato ,'025711061169 ,'1064 ,,SI ,
Operaciones Activas ,Crédito hipotecario ,Crédito Simple (CH) ,No entrega de tabla de amortización al momento de formalizar el contrato ,'025711061169 ,'1074 ,,SI ,
Operaciones Activas ,Crédito hipotecario ,Crédito Simple (CH) ,"No envío de estados de cuenta al domicilio del Usuario, cliente y/o socio ",'025711061169 ,'1075 ,,SI ,
Operaciones Activas ,Crédito hipotecario ,Crédito Simple (CH) ,Pago o depósito no aplicado total o parcialmente al producto o servicio ,'025711061169 ,'1081 ,,SI ,SI 
Operaciones Activas ,Crédito hipotecario ,Crédito Simple (CH) ,"Promociones, meses sin intereses, sorteos o premios no entregados o aplicados al Usuario, cliente y/o socio ",'025711061169 ,'1086 ,,SI ,SI 
Operaciones Activas ,Crédito hipotecario ,Crédito Simple (CH) ,Solicitud de cancelación de producto o servicio no atendida y/o no aplicada ,'025711061169 ,'1101 ,,SI ,
Operaciones Activas ,Crédito hipotecario ,Crédito Simple (CH) ,Información sobre la actualización de historial crediticio ,'025711061169 ,'1200 ,SI ,,
Operaciones Activas ,Crédito hipotecario ,Crédito Simple (CH) ,Consulta del monto de las primas de los seguros por lo que respecta a la amortización ,'025711061169 ,'1204 ,SI ,,
Operaciones Activas ,Crédito hipotecario ,Crédito Simple (CH) ,Solicitud de estados de cuenta ,'025711061169 ,'1207 ,SI ,,
Operaciones Activas ,Crédito hipotecario ,Crédito Simple (CH) ,Información del cobro de intereses ordinarios y/o moratorios ,'025711061169 ,'1211 ,SI ,,
Operaciones Activas ,Crédito hipotecario ,Crédito Simple (CH) ,Información para la cancelación de producto o servicio ,'025711061169 ,'1217 ,SI ,,
Operaciones Activas ,Crédito hipotecario ,Crédito Simple (CH) ,"Información para la entrega de la carta liberación de adeudos y/o carta finiquito, factura, garantía, gravamen, 1er testimonio ",'025711061169 ,'1221 ,SI ,,
Operaciones Activas ,Crédito para adultos mayores (pensionados o jubilados) ,Crédito Simple (CAM) ,Solicitud de estados de cuenta no atendida ,'025711071170 ,'0188 ,,SI ,
Operaciones Activas ,Crédito para adultos mayores (pensionados o jubilados) ,Crédito Simple (CAM) ,Inconformidad con la recepción de pagos ,'025711071170 ,'0353 ,,SI ,
Operaciones Activas ,Crédito para adultos mayores (pensionados o jubilados) ,Crédito Simple (CAM) ,Inconformidad con el cobro de comisiones y/o gastos de investigación ,'025711071170 ,'0413 ,,SI ,SI 
Operaciones Activas ,Crédito para adultos mayores (pensionados o jubilados) ,Crédito Simple (CAM) ,Inconformidad con el saldo del crédito o del monto de las amortizaciones ,'025711071170 ,'0577 ,,SI ,SI 
Operaciones Activas ,Crédito para adultos mayores (pensionados o jubilados) ,Crédito Simple (CAM) ,Inconformidad con el monto de los gastos de apertura del crédito ,'025711071170 ,'0582 ,,SI ,SI 
Operaciones Activas ,Crédito para adultos mayores (pensionados o jubilados) ,Crédito Simple (CAM) ,Crédito aprobado sin la entrega de recursos ,'025711071170 ,'0583 ,,SI ,
Operaciones Activas ,Crédito para adultos mayores (pensionados o jubilados) ,Crédito Simple (CAM) ,Inconformidad con el monto de las primas de los seguros por lo que respecta a la amortización ,'025711071170 ,'0611 ,,SI ,SI 
Operaciones Activas ,Crédito para adultos mayores (pensionados o jubilados) ,Crédito Simple (CAM) ,Negociación de créditos (Orientación) ,'025711071170 ,'0666 ,SI ,,
Operaciones Activas ,Crédito para adultos mayores (pensionados o jubilados) ,Crédito Simple (CAM) ,Consulta de saldos y movimientos no atendida ,'025711071170 ,'0712 ,,SI ,
Operaciones Activas ,Crédito para adultos mayores (pensionados o jubilados) ,Crédito Simple (CAM) ,Actualización de historial crediticio no realizada ,'025711071170 ,'0730 ,,SI ,
Operaciones Activas ,Crédito para adultos mayores (pensionados o jubilados) ,Crédito Simple (CAM) ,Beneficios no aplicados al crédito ,'025711071170 ,'0732 ,,SI ,
Operaciones Activas ,Crédito para adultos mayores (pensionados o jubilados) ,Crédito Simple (CAM) ,"Cobro de nuevas comisiones sin aviso previo al Usuario, cliente y/o socio ",'025711071170 ,'0734 ,,SI ,
Operaciones Activas ,Crédito para adultos mayores (pensionados o jubilados) ,Crédito Simple (CAM) ,Inconformidad con el monto de las primas devengadas del seguro vinculado ,'025711071170 ,'0751 ,,SI ,SI 
Operaciones Activas ,Crédito para adultos mayores (pensionados o jubilados) ,Crédito Simple (CAM) ,Otorgamiento de crédito a menores ,'025711071170 ,'0761 ,,SI ,
Operaciones Activas ,Crédito para adultos mayores (pensionados o jubilados) ,Crédito Simple (CAM) ,No entrega de acuse de recepción de la aclaración ,'025711071170 ,'0770 ,,SI ,
Operaciones Activas ,Crédito para adultos mayores (pensionados o jubilados) ,Crédito Simple (CAM) ,Crédito no reconocido en el historial crediticio ,'025711071170 ,'0835 ,,SI ,
Operaciones Activas ,Crédito para adultos mayores (pensionados o jubilados) ,Crédito Simple (CAM) ,Cobro de comisión por pago efectuado no aplicado ,'025711071170 ,'0840 ,,SI ,SI 
Operaciones Activas ,Crédito para adultos mayores (pensionados o jubilados) ,Crédito Simple (CAM) ,Cobro no reconocido de intereses ordinarios y/o moratorios ,'025711071170 ,'0841 ,,SI ,SI 
Operaciones Activas ,Crédito para adultos mayores (pensionados o jubilados) ,Crédito Simple (CAM) ,Convenio/reestructura de pago no respetado por la Institución ,'025711071170 ,'0842 ,,SI ,
Operaciones Activas ,Crédito para adultos mayores (pensionados o jubilados) ,Crédito Simple (CAM) ,Eliminación de historial crediticio no realizada ,'025711071170 ,'0844 ,,SI ,
Operaciones Activas ,Crédito para adultos mayores (pensionados o jubilados) ,Crédito Simple (CAM) ,Inconformidad con el cobro de comisión no reconocida o no pactada en el contrato ,'025711071170 ,'0849 ,,SI ,
Operaciones Activas ,Crédito para adultos mayores (pensionados o jubilados) ,Crédito Simple (CAM) ,Inconformidad con el cobro de comisión por cancelación del crédito ,'025711071170 ,'0850 ,,SI ,SI 
Operaciones Activas ,Crédito para adultos mayores (pensionados o jubilados) ,Crédito Simple (CAM) ,Inconformidad con el cobro de comisión por pago anticipado no pactada en el contrato ,'025711071170 ,'0851 ,,SI ,SI 
Operaciones Activas ,Crédito para adultos mayores (pensionados o jubilados) ,Crédito Simple (CAM) ,Inconformidad con el cobro de intereses moratorios y accesorios durante el proceso de aclaración ,'025711071170 ,'0853 ,,SI ,
Operaciones Activas ,Crédito para adultos mayores (pensionados o jubilados) ,Crédito Simple (CAM) ,Inconformidad con el cobro de intereses no pactados en el contrato ,'025711071170 ,'0854 ,,SI ,
Operaciones Activas ,Crédito para adultos mayores (pensionados o jubilados) ,Crédito Simple (CAM) ,Inconformidad con el monto de la prima de los seguros y/o con la forma del pago del mismo ,'025711071170 ,'0855 ,,SI ,SI 
Operaciones Activas ,Crédito para adultos mayores (pensionados o jubilados) ,Crédito Simple (CAM) ,Inconformidad por cambio de Aseguradora ,'025711071170 ,'0857 ,,SI ,
Operaciones Activas ,Crédito para adultos mayores (pensionados o jubilados) ,Crédito Simple (CAM) ,"La Institución no entrega la carta liberación de adeudos y/o carta finiquito, factura, garantía, gravamen, 1er testimonio ",'025711071170 ,'0858 ,,SI ,
Operaciones Activas ,Crédito para adultos mayores (pensionados o jubilados) ,Crédito Simple (CAM) ,"Crédito otorgado sin ser solicitado ni autorizado por el Usuario, cliente y/o socio ",'025711071170 ,'0913 ,,SI ,
Operaciones Activas ,Crédito para adultos mayores (pensionados o jubilados) ,Crédito Simple (CAM) ,"El Usuario, cliente y/o socio no recibió el estado de cuenta con la leyenda de liquidación ",'025711071170 ,'0939 ,,SI ,
Operaciones Activas ,Crédito para adultos mayores (pensionados o jubilados) ,Crédito Simple (CAM) ,"El Usuario, cliente y/o socio no reconoce haber celebrado contrato con la Institución ",'025711071170 ,'0940 ,,SI ,
Operaciones Activas ,Crédito para adultos mayores (pensionados o jubilados) ,Crédito Simple (CAM) ,Inconformidad con el cobro de comisión y accesorios por cancelación de crédito en términos de lo dispuesto en el contrato ,'025711071170 ,'0963 ,,SI ,SI 
Operaciones Activas ,Crédito para adultos mayores (pensionados o jubilados) ,Crédito Simple (CAM) ,"Inconformidad con el cobro de productos o servicios no contratados por el Usuario, cliente y/o socio ",'025711071170 ,'0967 ,,SI ,
Operaciones Activas ,Crédito para adultos mayores (pensionados o jubilados) ,Crédito Simple (CAM) ,"Inconformidad con el cobro de remanentes a favor del Usuario, cliente y/o socio ",'025711071170 ,'0969 ,,SI ,SI 
Operaciones Activas ,Crédito para adultos mayores (pensionados o jubilados) ,Crédito Simple (CAM) ,Inconformidad con la aclaración de los términos del contrato ,'025711071170 ,'1005 ,,SI ,
Operaciones Activas ,Crédito para adultos mayores (pensionados o jubilados) ,Crédito Simple (CAM) ,Inconformidad con la no aceptación de pago con otro medio diferente al efectivo ,'025711071170 ,'1011 ,,SI ,
Operaciones Activas ,Crédito para adultos mayores (pensionados o jubilados) ,Crédito Simple (CAM) ,Incumplimiento con los términos del contrato ,'025711071170 ,'1042 ,,SI ,
Operaciones Activas ,Crédito para adultos mayores (pensionados o jubilados) ,Crédito Simple (CAM) ,"Modificación de comisiones sin aviso previo al Usuario, cliente y/o socio ",'025711071170 ,'1058 ,,SI ,
Operaciones Activas ,Crédito para adultos mayores (pensionados o jubilados) ,Crédito Simple (CAM) ,"Modificación de tasa contractual sin aviso previo al Usuario, cliente y/o socio ",'025711071170 ,'1060 ,,SI ,
Operaciones Activas ,Crédito para adultos mayores (pensionados o jubilados) ,Crédito Simple (CAM) ,Negativa a cumplir con la conclusión anticipada establecida en el contrato ,'025711071170 ,'1064 ,,SI ,
Operaciones Activas ,Crédito para adultos mayores (pensionados o jubilados) ,Crédito Simple (CAM) ,No entrega de tabla de amortización al momento de formalizar el contrato ,'025711071170 ,'1074 ,,SI ,
Operaciones Activas ,Crédito para adultos mayores (pensionados o jubilados) ,Crédito Simple (CAM) ,"No envío de estados de cuenta al domicilio del Usuario, cliente y/o socio ",'025711071170 ,'1075 ,,SI ,
Operaciones Activas ,Crédito para adultos mayores (pensionados o jubilados) ,Crédito Simple (CAM) ,Pago o depósito no aplicado total o parcialmente al producto o servicio ,'025711071170 ,'1081 ,,SI ,SI 
Operaciones Activas ,Crédito para adultos mayores (pensionados o jubilados) ,Crédito Simple (CAM) ,"Promociones, meses sin intereses, sorteos o premios no entregados o aplicados al Usuario, cliente y/o socio ",'025711071170 ,'1086 ,,SI ,SI 
Operaciones Activas ,Crédito para adultos mayores (pensionados o jubilados) ,Crédito Simple (CAM) ,Solicitud de cancelación de producto o servicio no atendida y/o no aplicada ,'025711071170 ,'1101 ,,SI ,
Operaciones Activas ,Crédito para adultos mayores (pensionados o jubilados) ,Crédito Simple (CAM) ,Información sobre la actualización de historial crediticio ,'025711071170 ,'1200 ,SI ,,
Operaciones Activas ,Crédito para adultos mayores (pensionados o jubilados) ,Crédito Simple (CAM) ,Consulta del monto de las primas de los seguros por lo que respecta a la amortización ,'025711071170 ,'1204 ,SI ,,
Operaciones Activas ,Crédito para adultos mayores (pensionados o jubilados) ,Crédito Simple (CAM) ,Solicitud de estados de cuenta ,'025711071170 ,'1207 ,SI ,,
Operaciones Activas ,Crédito para adultos mayores (pensionados o jubilados) ,Crédito Simple (CAM) ,Información del cobro de intereses ordinarios y/o moratorios ,'025711071170 ,'1211 ,SI ,,
Operaciones Activas ,Crédito para adultos mayores (pensionados o jubilados) ,Crédito Simple (CAM) ,Información para la cancelación de producto o servicio ,'025711071170 ,'1217 ,SI ,,
Operaciones Activas ,Crédito para adultos mayores (pensionados o jubilados) ,Crédito Simple (CAM) ,"Información para la entrega de la carta liberación de adeudos y/o carta finiquito, factura, garantía, gravamen, 1er testimonio ",'025711071170 ,'1221 ,SI ,,
Operaciones Activas ,Crédito hipotecario ,Crédito Simple (CH) ,Orientación sobre el funcionamiento de productos y servicios financieros ,'025711061169 ,'1079 ,SI ,,
Operaciones Activas ,Crédito para adultos mayores (pensionados o jubilados) ,Crédito Simple (CAM) ,Orientación sobre el funcionamiento de productos y servicios financieros ,'025711071170 ,'1079 ,SI ,,
Operaciones Activas ,Crédito para adultos mayores (pensionados o jubilados) ,Crédito Cuenta Corriente (CAM) ,Solicitud de estados de cuenta no atendida ,'025711071171 ,'0188 ,,SI ,
Operaciones Activas ,Crédito para adultos mayores (pensionados o jubilados) ,Crédito Cuenta Corriente (CAM) ,Inconformidad con la recepción de pagos ,'025711071171 ,'0353 ,,SI ,
Operaciones Activas ,Crédito para adultos mayores (pensionados o jubilados) ,Crédito Cuenta Corriente (CAM) ,Inconformidad con el cobro de comisiones y/o gastos de investigación ,'025711071171 ,'0413 ,,SI ,SI 
Operaciones Activas ,Crédito para adultos mayores (pensionados o jubilados) ,Crédito Cuenta Corriente (CAM) ,Inconformidad con el saldo del crédito o del monto de las amortizaciones ,'025711071171 ,'0577 ,,SI ,SI 
Operaciones Activas ,Crédito para adultos mayores (pensionados o jubilados) ,Crédito Cuenta Corriente (CAM) ,Inconformidad con el monto de los gastos de apertura del crédito ,'025711071171 ,'0582 ,,SI ,SI 
Operaciones Activas ,Crédito para adultos mayores (pensionados o jubilados) ,Crédito Cuenta Corriente (CAM) ,Crédito aprobado sin la entrega de recursos ,'025711071171 ,'0583 ,,SI ,
Operaciones Activas ,Crédito para adultos mayores (pensionados o jubilados) ,Crédito Cuenta Corriente (CAM) ,Inconformidad con el monto de las primas de los seguros por lo que respecta a la amortización ,'025711071171 ,'0611 ,,SI ,SI 
Operaciones Activas ,Crédito para adultos mayores (pensionados o jubilados) ,Crédito Cuenta Corriente (CAM) ,Negociación de créditos (Orientación) ,'025711071171 ,'0666 ,SI ,,
Operaciones Activas ,Crédito para adultos mayores (pensionados o jubilados) ,Crédito Cuenta Corriente (CAM) ,Consulta de saldos y movimientos no atendida ,'025711071171 ,'0712 ,,SI ,
Operaciones Activas ,Crédito para adultos mayores (pensionados o jubilados) ,Crédito Cuenta Corriente (CAM) ,Actualización de historial crediticio no realizada ,'025711071171 ,'0730 ,,SI ,
Operaciones Activas ,Crédito para adultos mayores (pensionados o jubilados) ,Crédito Cuenta Corriente (CAM) ,Beneficios no aplicados al crédito ,'025711071171 ,'0732 ,,SI ,
Operaciones Activas ,Crédito para adultos mayores (pensionados o jubilados) ,Crédito Cuenta Corriente (CAM) ,"Cobro de nuevas comisiones sin aviso previo al Usuario, cliente y/o socio ",'025711071171 ,'0734 ,,SI ,
Operaciones Activas ,Crédito para adultos mayores (pensionados o jubilados) ,Crédito Cuenta Corriente (CAM) ,Inconformidad con el monto de las primas devengadas del seguro vinculado ,'025711071171 ,'0751 ,,SI ,SI 
Operaciones Activas ,Crédito para adultos mayores (pensionados o jubilados) ,Crédito Cuenta Corriente (CAM) ,Otorgamiento de crédito a menores ,'025711071171 ,'0761 ,,SI ,
Operaciones Activas ,Crédito para adultos mayores (pensionados o jubilados) ,Crédito Cuenta Corriente (CAM) ,No entrega de acuse de recepción de la aclaración ,'025711071171 ,'0770 ,,SI ,
Operaciones Activas ,Crédito para adultos mayores (pensionados o jubilados) ,Crédito Cuenta Corriente (CAM) ,Crédito no reconocido en el historial crediticio ,'025711071171 ,'0835 ,,SI ,
Operaciones Activas ,Crédito para adultos mayores (pensionados o jubilados) ,Crédito Cuenta Corriente (CAM) ,Cobro de comisión por pago efectuado no aplicado ,'025711071171 ,'0840 ,,SI ,SI 
Operaciones Activas ,Crédito para adultos mayores (pensionados o jubilados) ,Crédito Cuenta Corriente (CAM) ,Cobro no reconocido de intereses ordinarios y/o moratorios ,'025711071171 ,'0841 ,,SI ,SI 
Operaciones Activas ,Crédito para adultos mayores (pensionados o jubilados) ,Crédito Cuenta Corriente (CAM) ,Convenio/reestructura de pago no respetado por la Institución ,'025711071171 ,'0842 ,,SI ,
Operaciones Activas ,Crédito para adultos mayores (pensionados o jubilados) ,Crédito Cuenta Corriente (CAM) ,Eliminación de historial crediticio no realizada ,'025711071171 ,'0844 ,,SI ,
Operaciones Activas ,Crédito para adultos mayores (pensionados o jubilados) ,Crédito Cuenta Corriente (CAM) ,Inconformidad con el cobro de comisión no reconocida o no pactada en el contrato ,'025711071171 ,'0849 ,,SI ,
Operaciones Activas ,Crédito para adultos mayores (pensionados o jubilados) ,Crédito Cuenta Corriente (CAM) ,Inconformidad con el cobro de comisión por cancelación del crédito ,'025711071171 ,'0850 ,,SI ,SI 
Operaciones Activas ,Crédito para adultos mayores (pensionados o jubilados) ,Crédito Cuenta Corriente (CAM) ,Inconformidad con el cobro de comisión por pago anticipado no pactada en el contrato ,'025711071171 ,'0851 ,,SI ,SI 
Operaciones Activas ,Crédito para adultos mayores (pensionados o jubilados) ,Crédito Cuenta Corriente (CAM) ,Inconformidad con el cobro de intereses moratorios y accesorios durante el proceso de aclaración ,'025711071171 ,'0853 ,,SI ,
Operaciones Activas ,Crédito para adultos mayores (pensionados o jubilados) ,Crédito Cuenta Corriente (CAM) ,Inconformidad con el cobro de intereses no pactados en el contrato ,'025711071171 ,'0854 ,,SI ,
Operaciones Activas ,Crédito para adultos mayores (pensionados o jubilados) ,Crédito Cuenta Corriente (CAM) ,Inconformidad con el monto de la prima de los seguros y/o con la forma del pago del mismo ,'025711071171 ,'0855 ,,SI ,SI 
Operaciones Activas ,Crédito para adultos mayores (pensionados o jubilados) ,Crédito Cuenta Corriente (CAM) ,Inconformidad por cambio de Aseguradora ,'025711071171 ,'0857 ,,SI ,
Operaciones Activas ,Crédito para adultos mayores (pensionados o jubilados) ,Crédito Cuenta Corriente (CAM) ,"La Institución no entrega la carta liberación de adeudos y/o carta finiquito, factura, garantía, gravamen, 1er testimonio ",'025711071171 ,'0858 ,,SI ,
Operaciones Activas ,Crédito para adultos mayores (pensionados o jubilados) ,Crédito Cuenta Corriente (CAM) ,"Crédito otorgado sin ser solicitado ni autorizado por el Usuario, cliente y/o socio ",'025711071171 ,'0913 ,,SI ,
Operaciones Activas ,Crédito para adultos mayores (pensionados o jubilados) ,Crédito Cuenta Corriente (CAM) ,"El Usuario, cliente y/o socio no recibió el estado de cuenta con la leyenda de liquidación ",'025711071171 ,'0939 ,,SI ,
Operaciones Activas ,Crédito para adultos mayores (pensionados o jubilados) ,Crédito Cuenta Corriente (CAM) ,"El Usuario, cliente y/o socio no reconoce haber celebrado contrato con la Institución ",'025711071171 ,'0940 ,,SI ,
Operaciones Activas ,Crédito para adultos mayores (pensionados o jubilados) ,Crédito Cuenta Corriente (CAM) ,Inconformidad con el cobro de comisión y accesorios por cancelación de crédito en términos de lo dispuesto en el contrato ,'025711071171 ,'0963 ,,SI ,SI 
Operaciones Activas ,Crédito para adultos mayores (pensionados o jubilados) ,Crédito Cuenta Corriente (CAM) ,"Inconformidad con el cobro de productos o servicios no contratados por el Usuario, cliente y/o socio ",'025711071171 ,'0967 ,,SI ,
Operaciones Activas ,Crédito para adultos mayores (pensionados o jubilados) ,Crédito Cuenta Corriente (CAM) ,"Inconformidad con el cobro de remanentes a favor del Usuario, cliente y/o socio ",'025711071171 ,'0969 ,,SI ,SI 
Operaciones Activas ,Crédito para adultos mayores (pensionados o jubilados) ,Crédito Cuenta Corriente (CAM) ,Inconformidad con la aclaración de los términos del contrato ,'025711071171 ,'1005 ,,SI ,
Operaciones Activas ,Crédito para adultos mayores (pensionados o jubilados) ,Crédito Cuenta Corriente (CAM) ,Inconformidad con la no aceptación de pago con otro medio diferente al efectivo ,'025711071171 ,'1011 ,,SI ,
Operaciones Activas ,Crédito para adultos mayores (pensionados o jubilados) ,Crédito Cuenta Corriente (CAM) ,Incumplimiento con los términos del contrato ,'025711071171 ,'1042 ,,SI ,
Operaciones Activas ,Crédito para adultos mayores (pensionados o jubilados) ,Crédito Cuenta Corriente (CAM) ,"Modificación de comisiones sin aviso previo al Usuario, cliente y/o socio ",'025711071171 ,'1058 ,,SI ,
Operaciones Activas ,Crédito para adultos mayores (pensionados o jubilados) ,Crédito Cuenta Corriente (CAM) ,"Modificación de tasa contractual sin aviso previo al Usuario, cliente y/o socio ",'025711071171 ,'1060 ,,SI ,
Operaciones Activas ,Crédito para adultos mayores (pensionados o jubilados) ,Crédito Cuenta Corriente (CAM) ,Negativa a cumplir con la conclusión anticipada establecida en el contrato ,'025711071171 ,'1064 ,,SI ,
Operaciones Activas ,Crédito para adultos mayores (pensionados o jubilados) ,Crédito Cuenta Corriente (CAM) ,No entrega de tabla de amortización al momento de formalizar el contrato ,'025711071171 ,'1074 ,,SI ,
Operaciones Activas ,Crédito para adultos mayores (pensionados o jubilados) ,Crédito Cuenta Corriente (CAM) ,"No envío de estados de cuenta al domicilio del Usuario, cliente y/o socio ",'025711071171 ,'1075 ,,SI ,
Operaciones Activas ,Crédito para adultos mayores (pensionados o jubilados) ,Crédito Cuenta Corriente (CAM) ,Orientación sobre el funcionamiento de productos y servicios financieros ,'025711071171 ,'1079 ,SI ,,
Operaciones Activas ,Crédito para adultos mayores (pensionados o jubilados) ,Crédito Cuenta Corriente (CAM) ,Pago o depósito no aplicado total o parcialmente al producto o servicio ,'025711071171 ,'1081 ,,SI ,SI 
Operaciones Activas ,Crédito para adultos mayores (pensionados o jubilados) ,Crédito Cuenta Corriente (CAM) ,"Promociones, meses sin intereses, sorteos o premios no entregados o aplicados al Usuario, cliente y/o socio ",'025711071171 ,'1086 ,,SI ,SI 
Operaciones Activas ,Crédito para adultos mayores (pensionados o jubilados) ,Crédito Cuenta Corriente (CAM) ,Solicitud de cancelación de producto o servicio no atendida y/o no aplicada ,'025711071171 ,'1101 ,,SI ,
Operaciones Activas ,Crédito para adultos mayores (pensionados o jubilados) ,Crédito Cuenta Corriente (CAM) ,Información sobre la actualización de historial crediticio ,'025711071171 ,'1200 ,SI ,,
Operaciones Activas ,Crédito para adultos mayores (pensionados o jubilados) ,Crédito Cuenta Corriente (CAM) ,Consulta del monto de las primas de los seguros por lo que respecta a la amortización ,'025711071171 ,'1204 ,SI ,,
Operaciones Activas ,Crédito para adultos mayores (pensionados o jubilados) ,Crédito Cuenta Corriente (CAM) ,Solicitud de estados de cuenta ,'025711071171 ,'1207 ,SI ,,
Operaciones Activas ,Crédito para adultos mayores (pensionados o jubilados) ,Crédito Cuenta Corriente (CAM) ,Información del cobro de intereses ordinarios y/o moratorios ,'025711071171 ,'1211 ,SI ,,
Operaciones Activas ,Crédito para adultos mayores (pensionados o jubilados) ,Crédito Cuenta Corriente (CAM) ,Información para la cancelación de producto o servicio ,'025711071171 ,'1217 ,SI ,,
Operaciones Activas ,Crédito para adultos mayores (pensionados o jubilados) ,Crédito Cuenta Corriente (CAM) ,"Información para la entrega de la carta liberación de adeudos y/o carta finiquito, factura, garantía, gravamen, 1er testimonio ",'025711071171 ,'1221 ,SI ,,
Operaciones Activas ,Crédito personal ,Crédito Simple (CP) ,Cobros indebidos de créditos otorgados ,'025711081172 ,'0031 ,,SI ,SI 
Operaciones Activas ,Crédito personal ,Crédito Simple (CP) ,Solicitud de estados de cuenta no atendida ,'025711081172 ,'0188 ,,SI ,
Operaciones Activas ,Crédito personal ,Crédito Simple (CP) ,Inconformidad con el cobro y/o con la prima del seguro ,'025711081172 ,'0411 ,,SI ,SI 
Operaciones Activas ,Crédito personal ,Crédito Simple (CP) ,Inconformidad con el cobro de comisiones y/o gastos de investigación ,'025711081172 ,'0413 ,,SI ,SI 
Operaciones Activas ,Crédito personal ,Crédito Simple (CP) ,Inconformidad con el saldo del crédito o del monto de las amortizaciones ,'025711081172 ,'0577 ,,SI ,SI 
Operaciones Activas ,Crédito personal ,Crédito Simple (CP) ,Inconformidad con el monto de los gastos de apertura del crédito ,'025711081172 ,'0582 ,,SI ,SI 
Operaciones Activas ,Crédito personal ,Crédito Simple (CP) ,Crédito aprobado sin la entrega de recursos ,'025711081172 ,'0583 ,,SI ,
Operaciones Activas ,Crédito personal ,Crédito Simple (CP) ,Inconformidad con el monto de las primas de los seguros por lo que respecta a la amortización ,'025711081172 ,'0611 ,,SI ,SI 
Operaciones Activas ,Crédito personal ,Crédito Simple (CP) ,Negociación de créditos (Orientación) ,'025711081172 ,'0666 ,SI ,,
Operaciones Activas ,Crédito personal ,Crédito Simple (CP) ,Consulta de saldos y movimientos no atendida ,'025711081172 ,'0712 ,,SI ,
Operaciones Activas ,Crédito personal ,Crédito Simple (CP) ,Actualización de historial crediticio no realizada ,'025711081172 ,'0730 ,,SI ,
Operaciones Activas ,Crédito personal ,Crédito Simple (CP) ,Beneficios no aplicados al crédito ,'025711081172 ,'0732 ,,SI ,
Operaciones Activas ,Crédito personal ,Crédito Simple (CP) ,"Cobro de nuevas comisiones sin aviso previo al Usuario, cliente y/o socio ",'025711081172 ,'0734 ,,SI ,
Operaciones Activas ,Crédito personal ,Crédito Simple (CP) ,Inconformidad con el monto de las primas devengadas del seguro vinculado ,'025711081172 ,'0751 ,,SI ,SI 
Operaciones Activas ,Crédito personal ,Crédito Simple (CP) ,No entrega de saldo a favor al cancelar el producto ,'025711081172 ,'0758 ,,SI ,
Operaciones Activas ,Crédito personal ,Crédito Simple (CP) ,Otorgamiento de crédito a menores ,'025711081172 ,'0761 ,,SI ,
Operaciones Activas ,Crédito personal ,Crédito Simple (CP) ,No entrega de acuse de recepción de la aclaración ,'025711081172 ,'0770 ,,SI ,
Operaciones Activas ,Crédito personal ,Crédito Simple (CP) ,Crédito no reconocido en el historial crediticio ,'025711081172 ,'0835 ,,SI ,
Operaciones Activas ,Crédito personal ,Crédito Simple (CP) ,Cobro de comisión por pago efectuado no aplicado ,'025711081172 ,'0840 ,,SI ,SI 
Operaciones Activas ,Crédito personal ,Crédito Simple (CP) ,Cobro no reconocido de intereses ordinarios y/o moratorios ,'025711081172 ,'0841 ,,SI ,SI 
Operaciones Activas ,Crédito personal ,Crédito Simple (CP) ,Convenio/reestructura de pago no respetado por la Institución ,'025711081172 ,'0842 ,,SI ,
Operaciones Activas ,Crédito personal ,Crédito Simple (CP) ,Eliminación de historial crediticio no realizada ,'025711081172 ,'0844 ,,SI ,
Operaciones Activas ,Crédito personal ,Crédito Simple (CP) ,Inconformidad con el cobro de comisión no reconocida o no pactada en el contrato ,'025711081172 ,'0849 ,,SI ,
Operaciones Activas ,Crédito personal ,Crédito Simple (CP) ,Inconformidad con el cobro de comisión por cancelación del crédito ,'025711081172 ,'0850 ,,SI ,SI 
Operaciones Activas ,Crédito personal ,Crédito Simple (CP) ,Inconformidad con el cobro de comisión por pago anticipado no pactada en el contrato ,'025711081172 ,'0851 ,,SI ,SI 
Operaciones Activas ,Crédito personal ,Crédito Simple (CP) ,Inconformidad con el cobro de intereses moratorios y accesorios durante el proceso de aclaración ,'025711081172 ,'0853 ,,SI ,
Operaciones Activas ,Crédito personal ,Crédito Simple (CP) ,Inconformidad con el cobro de intereses no pactados en el contrato ,'025711081172 ,'0854 ,,SI ,
Operaciones Activas ,Crédito personal ,Crédito Simple (CP) ,Inconformidad con el monto de la prima de los seguros y/o con la forma del pago del mismo ,'025711081172 ,'0855 ,,SI ,SI 
Operaciones Activas ,Crédito personal ,Crédito Simple (CP) ,Inconformidad por cambio de Aseguradora ,'025711081172 ,'0857 ,,SI ,
Operaciones Activas ,Crédito personal ,Crédito Simple (CP) ,"La Institución no entrega la carta liberación de adeudos y/o carta finiquito, factura, garantía, gravamen, 1er testimonio ",'025711081172 ,'0858 ,,SI ,
Operaciones Activas ,Crédito personal ,Crédito Simple (CP) ,Solicitud de entrega de recursos no atendida ,'025711081172 ,'0863 ,,SI ,
Operaciones Activas ,Crédito personal ,Crédito Simple (CP) ,"Crédito otorgado sin ser solicitado ni autorizado por el Usuario, cliente y/o socio ",'025711081172 ,'0913 ,,SI ,
Operaciones Activas ,Crédito personal ,Crédito Simple (CP) ,"El Usuario, cliente y/o socio no recibió el estado de cuenta con la leyenda de liquidación ",'025711081172 ,'0939 ,,SI ,
Operaciones Activas ,Crédito personal ,Crédito Simple (CP) ,"El Usuario, cliente y/o socio no reconoce haber celebrado contrato con la Institución ",'025711081172 ,'0940 ,,SI ,
Operaciones Activas ,Crédito personal ,Crédito Simple (CP) ,Inconformidad con el cobro de comisión posterior a la cancelación ,'025711081172 ,'0962 ,,SI ,
Operaciones Activas ,Crédito personal ,Crédito Simple (CP) ,Inconformidad con el cobro de comisión y accesorios por cancelación de crédito en términos de lo dispuesto en el contrato ,'025711081172 ,'0963 ,,SI ,SI 
Operaciones Activas ,Crédito personal ,Crédito Simple (CP) ,"Inconformidad con el cobro de productos o servicios no contratados por el Usuario, cliente y/o socio ",'025711081172 ,'0967 ,,SI ,
Operaciones Activas ,Crédito personal ,Crédito Simple (CP) ,"Inconformidad con el cobro de remanentes a favor del Usuario, cliente y/o socio ",'025711081172 ,'0969 ,,SI ,SI 
Operaciones Activas ,Crédito personal ,Crédito Simple (CP) ,Inconformidad con el cobro de varias comisiones por el mismo concepto/operación ,'025711081172 ,'0970 ,,SI ,SI 
Operaciones Activas ,Crédito personal ,Crédito Simple (CP) ,Inconformidad con la aclaración de los términos del contrato ,'025711081172 ,'1005 ,,SI ,
Operaciones Activas ,Crédito personal ,Crédito Simple (CP) ,Inconformidad con la no aceptación de pago con otro medio diferente al efectivo ,'025711081172 ,'1011 ,,SI ,
Operaciones Activas ,Crédito personal ,Crédito Simple (CP) ,Incumplimiento con los términos del contrato ,'025711081172 ,'1042 ,,SI ,
Operaciones Activas ,Crédito personal ,Crédito Simple (CP) ,"Modificación de comisiones sin aviso previo al Usuario, cliente y/o socio ",'025711081172 ,'1058 ,,SI ,
Operaciones Activas ,Crédito personal ,Crédito Simple (CP) ,"Modificación de tasa contractual sin aviso previo al Usuario, cliente y/o socio ",'025711081172 ,'1060 ,,SI ,
Operaciones Activas ,Crédito personal ,Crédito Simple (CP) ,Negativa a cumplir con la conclusión anticipada establecida en el contrato ,'025711081172 ,'1064 ,,SI ,
Operaciones Activas ,Crédito personal ,Crédito Simple (CP) ,No entrega de tabla de amortización al momento de formalizar el contrato ,'025711081172 ,'1074 ,,SI ,
Operaciones Activas ,Crédito personal ,Crédito Simple (CP) ,"No envío de estados de cuenta al domicilio del Usuario, cliente y/o socio ",'025711081172 ,'1075 ,,SI ,
Operaciones Activas ,Crédito personal ,Crédito Simple (CP) ,Orientación sobre el funcionamiento de productos y servicios financieros ,'025711081172 ,'1079 ,SI ,,
Operaciones Activas ,Crédito personal ,Crédito Simple (CP) ,Pago o depósito no aplicado total o parcialmente al producto o servicio ,'025711081172 ,'1081 ,,SI ,SI 
Operaciones Activas ,Crédito personal ,Crédito Simple (CP) ,"Promociones, meses sin intereses, sorteos o premios no entregados o aplicados al Usuario, cliente y/o socio ",'025711081172 ,'1086 ,,SI ,SI 
Operaciones Activas ,Crédito personal ,Crédito Simple (CP) ,Solicitud de cancelación de producto o servicio no atendida y/o no aplicada ,'025711081172 ,'1101 ,,SI ,
Operaciones Activas ,Crédito personal ,Crédito Simple (CP) ,Información sobre la actualización de historial crediticio ,'025711081172 ,'1200 ,SI ,,
Operaciones Activas ,Crédito personal ,Crédito Simple (CP) ,Consulta del monto de las primas de los seguros por lo que respecta a la amortización ,'025711081172 ,'1204 ,SI ,,
Operaciones Activas ,Crédito personal ,Crédito Simple (CP) ,Solicitud de estados de cuenta ,'025711081172 ,'1207 ,SI ,,
Operaciones Activas ,Crédito personal ,Crédito Simple (CP) ,Información del cobro de intereses ordinarios y/o moratorios ,'025711081172 ,'1211 ,SI ,,
Operaciones Activas ,Crédito personal ,Crédito Simple (CP) ,Información del cobro y/o con la prima del seguro ,'025711081172 ,'1213 ,SI ,,
Operaciones Activas ,Crédito personal ,Crédito Simple (CP) ,Información para la cancelación de producto o servicio ,'025711081172 ,'1217 ,SI ,,
Operaciones Activas ,Crédito personal ,Crédito Simple (CP) ,"Información para la entrega de la carta liberación de adeudos y/o carta finiquito, factura, garantía, gravamen, 1er testimonio ",'025711081172 ,'1221 ,SI ,,
Operaciones Activas ,Crédito personal ,Crédito Cuenta Corriente (CP) ,Cobros indebidos de créditos otorgados ,'025711081173 ,'0031 ,,SI ,SI 
Operaciones Activas ,Crédito personal ,Crédito Cuenta Corriente (CP) ,Solicitud de estados de cuenta no atendida ,'025711081173 ,'0188 ,,SI ,
Operaciones Activas ,Crédito personal ,Crédito Cuenta Corriente (CP) ,Inconformidad con el cobro y/o con la prima del seguro ,'025711081173 ,'0411 ,,SI ,SI 
Operaciones Activas ,Crédito personal ,Crédito Cuenta Corriente (CP) ,Inconformidad con el cobro de comisiones y/o gastos de investigación ,'025711081173 ,'0413 ,,SI ,SI 
Operaciones Activas ,Crédito personal ,Crédito Cuenta Corriente (CP) ,Inconformidad con el saldo del crédito o del monto de las amortizaciones ,'025711081173 ,'0577 ,,SI ,SI 
Operaciones Activas ,Crédito personal ,Crédito Cuenta Corriente (CP) ,Inconformidad con el monto de los gastos de apertura del crédito ,'025711081173 ,'0582 ,,SI ,SI 
Operaciones Activas ,Crédito personal ,Crédito Cuenta Corriente (CP) ,Crédito aprobado sin la entrega de recursos ,'025711081173 ,'0583 ,,SI ,
Operaciones Activas ,Crédito personal ,Crédito Cuenta Corriente (CP) ,Inconformidad con el monto de las primas de los seguros por lo que respecta a la amortización ,'025711081173 ,'0611 ,,SI ,SI 
Operaciones Activas ,Crédito personal ,Crédito Cuenta Corriente (CP) ,Negociación de créditos (Orientación) ,'025711081173 ,'0666 ,SI ,,
Operaciones Activas ,Crédito personal ,Crédito Cuenta Corriente (CP) ,Consulta de saldos y movimientos no atendida ,'025711081173 ,'0712 ,,SI ,
Operaciones Activas ,Crédito personal ,Crédito Cuenta Corriente (CP) ,Actualización de historial crediticio no realizada ,'025711081173 ,'0730 ,,SI ,
Operaciones Activas ,Crédito personal ,Crédito Cuenta Corriente (CP) ,Beneficios no aplicados al crédito ,'025711081173 ,'0732 ,,SI ,
Operaciones Activas ,Crédito personal ,Crédito Cuenta Corriente (CP) ,"Cobro de nuevas comisiones sin aviso previo al Usuario, cliente y/o socio ",'025711081173 ,'0734 ,,SI ,
Operaciones Activas ,Crédito personal ,Crédito Cuenta Corriente (CP) ,Inconformidad con el monto de las primas devengadas del seguro vinculado ,'025711081173 ,'0751 ,,SI ,SI 
Operaciones Activas ,Crédito personal ,Crédito Cuenta Corriente (CP) ,No entrega de saldo a favor al cancelar el producto ,'025711081173 ,'0758 ,,SI ,
Operaciones Activas ,Crédito personal ,Crédito Cuenta Corriente (CP) ,Otorgamiento de crédito a menores ,'025711081173 ,'0761 ,,SI ,
Operaciones Activas ,Crédito personal ,Crédito Cuenta Corriente (CP) ,No entrega de acuse de recepción de la aclaración ,'025711081173 ,'0770 ,,SI ,
Operaciones Activas ,Crédito personal ,Crédito Cuenta Corriente (CP) ,Crédito no reconocido en el historial crediticio ,'025711081173 ,'0835 ,,SI ,
Operaciones Activas ,Crédito personal ,Crédito Cuenta Corriente (CP) ,Cobro de comisión por pago efectuado no aplicado ,'025711081173 ,'0840 ,,SI ,SI 
Operaciones Activas ,Crédito personal ,Crédito Cuenta Corriente (CP) ,Cobro no reconocido de intereses ordinarios y/o moratorios ,'025711081173 ,'0841 ,,SI ,SI 
Operaciones Activas ,Crédito personal ,Crédito Cuenta Corriente (CP) ,Convenio/reestructura de pago no respetado por la Institución ,'025711081173 ,'0842 ,,SI ,
Operaciones Activas ,Crédito personal ,Crédito Cuenta Corriente (CP) ,Eliminación de historial crediticio no realizada ,'025711081173 ,'0844 ,,SI ,
Operaciones Activas ,Crédito personal ,Crédito Cuenta Corriente (CP) ,Inconformidad con el cobro de comisión no reconocida o no pactada en el contrato ,'025711081173 ,'0849 ,,SI ,
Operaciones Activas ,Crédito personal ,Crédito Cuenta Corriente (CP) ,Inconformidad con el cobro de comisión por cancelación del crédito ,'025711081173 ,'0850 ,,SI ,SI 
Operaciones Activas ,Crédito personal ,Crédito Cuenta Corriente (CP) ,Inconformidad con el cobro de comisión por pago anticipado no pactada en el contrato ,'025711081173 ,'0851 ,,SI ,SI 
Operaciones Activas ,Crédito personal ,Crédito Cuenta Corriente (CP) ,Inconformidad con el cobro de intereses moratorios y accesorios durante el proceso de aclaración ,'025711081173 ,'0853 ,,SI ,
Operaciones Activas ,Crédito personal ,Crédito Cuenta Corriente (CP) ,Inconformidad con el cobro de intereses no pactados en el contrato ,'025711081173 ,'0854 ,,SI ,
Operaciones Activas ,Crédito personal ,Crédito Cuenta Corriente (CP) ,Inconformidad con el monto de la prima de los seguros y/o con la forma del pago del mismo ,'025711081173 ,'0855 ,,SI ,SI 
Operaciones Activas ,Crédito personal ,Crédito Cuenta Corriente (CP) ,Inconformidad por cambio de Aseguradora ,'025711081173 ,'0857 ,,SI ,
Operaciones Activas ,Crédito personal ,Crédito Cuenta Corriente (CP) ,"La Institución no entrega la carta liberación de adeudos y/o carta finiquito, factura, garantía, gravamen, 1er testimonio ",'025711081173 ,'0858 ,,SI ,
Operaciones Activas ,Crédito personal ,Crédito Cuenta Corriente (CP) ,Solicitud de entrega de recursos no atendida ,'025711081173 ,'0863 ,,SI ,
Operaciones Activas ,Crédito personal ,Crédito Cuenta Corriente (CP) ,"Crédito otorgado sin ser solicitado ni autorizado por el Usuario, cliente y/o socio ",'025711081173 ,'0913 ,,SI ,
Operaciones Activas ,Crédito personal ,Crédito Cuenta Corriente (CP) ,"El Usuario, cliente y/o socio no recibió el estado de cuenta con la leyenda de liquidación ",'025711081173 ,'0939 ,,SI ,
Operaciones Activas ,Crédito personal ,Crédito Cuenta Corriente (CP) ,"El Usuario, cliente y/o socio no reconoce haber celebrado contrato con la Institución ",'025711081173 ,'0940 ,,SI ,
Operaciones Activas ,Crédito personal ,Crédito Cuenta Corriente (CP) ,Inconformidad con el cobro de comisión posterior a la cancelación ,'025711081173 ,'0962 ,,SI ,
Operaciones Activas ,Crédito personal ,Crédito Cuenta Corriente (CP) ,Inconformidad con el cobro de comisión y accesorios por cancelación de crédito en términos de lo dispuesto en el contrato ,'025711081173 ,'0963 ,,SI ,SI 
Operaciones Activas ,Crédito personal ,Crédito Cuenta Corriente (CP) ,"Inconformidad con el cobro de productos o servicios no contratados por el Usuario, cliente y/o socio ",'025711081173 ,'0967 ,,SI ,
Operaciones Activas ,Crédito personal ,Crédito Cuenta Corriente (CP) ,"Inconformidad con el cobro de remanentes a favor del Usuario, cliente y/o socio ",'025711081173 ,'0969 ,,SI ,SI 
Operaciones Activas ,Crédito personal ,Crédito Cuenta Corriente (CP) ,Inconformidad con el cobro de varias comisiones por el mismo concepto/operación ,'025711081173 ,'0970 ,,SI ,SI 
Operaciones Activas ,Crédito personal ,Crédito Cuenta Corriente (CP) ,Inconformidad con la aclaración de los términos del contrato ,'025711081173 ,'1005 ,,SI ,
Operaciones Activas ,Crédito personal ,Crédito Cuenta Corriente (CP) ,Inconformidad con la no aceptación de pago con otro medio diferente al efectivo ,'025711081173 ,'1011 ,,SI ,
Operaciones Activas ,Crédito personal ,Crédito Cuenta Corriente (CP) ,Incumplimiento con los términos del contrato ,'025711081173 ,'1042 ,,SI ,
Operaciones Activas ,Crédito personal ,Crédito Cuenta Corriente (CP) ,"Modificación de comisiones sin aviso previo al Usuario, cliente y/o socio ",'025711081173 ,'1058 ,,SI ,
Operaciones Activas ,Crédito personal ,Crédito Cuenta Corriente (CP) ,"Modificación de tasa contractual sin aviso previo al Usuario, cliente y/o socio ",'025711081173 ,'1060 ,,SI ,
Operaciones Activas ,Crédito personal ,Crédito Cuenta Corriente (CP) ,Negativa a cumplir con la conclusión anticipada establecida en el contrato ,'025711081173 ,'1064 ,,SI ,
Operaciones Activas ,Crédito personal ,Crédito Cuenta Corriente (CP) ,No entrega de tabla de amortización al momento de formalizar el contrato ,'025711081173 ,'1074 ,,SI ,
Operaciones Activas ,Crédito personal ,Crédito Cuenta Corriente (CP) ,"No envío de estados de cuenta al domicilio del Usuario, cliente y/o socio ",'025711081173 ,'1075 ,,SI ,
Operaciones Activas ,Crédito personal ,Crédito Cuenta Corriente (CP) ,Orientación sobre el funcionamiento de productos y servicios financieros ,'025711081173 ,'1079 ,SI ,,
Operaciones Activas ,Crédito personal ,Crédito Cuenta Corriente (CP) ,Pago o depósito no aplicado total o parcialmente al producto o servicio ,'025711081173 ,'1081 ,,SI ,SI 
Operaciones Activas ,Crédito personal ,Crédito Cuenta Corriente (CP) ,"Promociones, meses sin intereses, sorteos o premios no entregados o aplicados al Usuario, cliente y/o socio ",'025711081173 ,'1086 ,,SI ,SI 
Operaciones Activas ,Crédito personal ,Crédito Cuenta Corriente (CP) ,Solicitud de cancelación de producto o servicio no atendida y/o no aplicada ,'025711081173 ,'1101 ,,SI ,
Operaciones Activas ,Crédito personal ,Crédito Cuenta Corriente (CP) ,Información sobre la actualización de historial crediticio ,'025711081173 ,'1200 ,SI ,,
Operaciones Activas ,Crédito personal ,Crédito Cuenta Corriente (CP) ,Consulta del monto de las primas de los seguros por lo que respecta a la amortización ,'025711081173 ,'1204 ,SI ,,
Operaciones Activas ,Crédito personal ,Crédito Cuenta Corriente (CP) ,Solicitud de estados de cuenta ,'025711081173 ,'1207 ,SI ,,
Operaciones Activas ,Crédito personal ,Crédito Cuenta Corriente (CP) ,Información del cobro de intereses ordinarios y/o moratorios ,'025711081173 ,'1211 ,SI ,,
Operaciones Activas ,Crédito personal ,Crédito Cuenta Corriente (CP) ,Información del cobro y/o con la prima del seguro ,'025711081173 ,'1213 ,SI ,,
Operaciones Activas ,Crédito personal ,Crédito Cuenta Corriente (CP) ,Información para la cancelación de producto o servicio ,'025711081173 ,'1217 ,SI ,,
Operaciones Activas ,Crédito personal ,Crédito Cuenta Corriente (CP) ,"Información para la entrega de la carta liberación de adeudos y/o carta finiquito, factura, garantía, gravamen, 1er testimonio ",'025711081173 ,'1221 ,SI ,,
Operaciones Activas ,Crédito PYME ,Crédito Simple (CPYME) ,Solicitud de estados de cuenta no atendida ,'025711091174 ,'0188 ,,SI ,
Operaciones Activas ,Crédito PYME ,Crédito Simple (CPYME) ,Inconformidad con la recepción de pagos ,'025711091174 ,'0353 ,,SI ,
Operaciones Activas ,Crédito PYME ,Crédito Simple (CPYME) ,Inconformidad con el cobro de comisiones y/o gastos de investigación ,'025711091174 ,'0413 ,,SI ,SI 
Operaciones Activas ,Crédito PYME ,Crédito Simple (CPYME) ,Inconformidad con el saldo del crédito o del monto de las amortizaciones ,'025711091174 ,'0577 ,,SI ,SI 
Operaciones Activas ,Crédito PYME ,Crédito Simple (CPYME) ,Inconformidad con el monto de los gastos de apertura del crédito ,'025711091174 ,'0582 ,,SI ,SI 
Operaciones Activas ,Crédito PYME ,Crédito Simple (CPYME) ,Crédito aprobado sin la entrega de recursos ,'025711091174 ,'0583 ,,SI ,
Operaciones Activas ,Crédito PYME ,Crédito Simple (CPYME) ,Inconformidad con el monto de las primas de los seguros por lo que respecta a la amortización ,'025711091174 ,'0611 ,,SI ,SI 
Operaciones Activas ,Crédito PYME ,Crédito Simple (CPYME) ,Negociación de créditos (Orientación) ,'025711091174 ,'0666 ,SI ,,
Operaciones Activas ,Crédito PYME ,Crédito Simple (CPYME) ,Consulta de saldos y movimientos no atendida ,'025711091174 ,'0712 ,,SI ,
Operaciones Activas ,Crédito PYME ,Crédito Simple (CPYME) ,Actualización de historial crediticio no realizada ,'025711091174 ,'0730 ,,SI ,
Operaciones Activas ,Crédito PYME ,Crédito Simple (CPYME) ,Beneficios no aplicados al crédito ,'025711091174 ,'0732 ,,SI ,
Operaciones Activas ,Crédito PYME ,Crédito Simple (CPYME) ,Inconformidad con el monto de las primas devengadas del seguro vinculado ,'025711091174 ,'0751 ,,SI ,SI 
Operaciones Activas ,Crédito PYME ,Crédito Simple (CPYME) ,No entrega de acuse de recepción de la aclaración ,'025711091174 ,'0770 ,,SI ,
Operaciones Activas ,Crédito PYME ,Crédito Simple (CPYME) ,Crédito no reconocido en el historial crediticio ,'025711091174 ,'0835 ,,SI ,
Operaciones Activas ,Crédito PYME ,Crédito Simple (CPYME) ,Cobro de comisión por pago efectuado no aplicado ,'025711091174 ,'0840 ,,SI ,SI 
Operaciones Activas ,Crédito PYME ,Crédito Simple (CPYME) ,Cobro no reconocido de intereses ordinarios y/o moratorios ,'025711091174 ,'0841 ,,SI ,SI 
Operaciones Activas ,Crédito PYME ,Crédito Simple (CPYME) ,Convenio/reestructura de pago no respetado por la Institución ,'025711091174 ,'0842 ,,SI ,
Operaciones Activas ,Crédito PYME ,Crédito Simple (CPYME) ,Eliminación de historial crediticio no realizada ,'025711091174 ,'0844 ,,SI ,
Operaciones Activas ,Crédito PYME ,Crédito Simple (CPYME) ,Inconformidad con el cobro de comisión no reconocida o no pactada en el contrato ,'025711091174 ,'0849 ,,SI ,
Operaciones Activas ,Crédito PYME ,Crédito Simple (CPYME) ,Inconformidad con el cobro de comisión por cancelación del crédito ,'025711091174 ,'0850 ,,SI ,SI 
Operaciones Activas ,Crédito PYME ,Crédito Simple (CPYME) ,Inconformidad con el cobro de comisión por pago anticipado no pactada en el contrato ,'025711091174 ,'0851 ,,SI ,SI 
Operaciones Activas ,Crédito PYME ,Crédito Simple (CPYME) ,Inconformidad con el cobro de intereses moratorios y accesorios durante el proceso de aclaración ,'025711091174 ,'0853 ,,SI ,
Operaciones Activas ,Crédito PYME ,Crédito Simple (CPYME) ,Inconformidad con el cobro de intereses no pactados en el contrato ,'025711091174 ,'0854 ,,SI ,
Operaciones Activas ,Crédito PYME ,Crédito Simple (CPYME) ,Inconformidad con el monto de la prima de los seguros y/o con la forma del pago del mismo ,'025711091174 ,'0855 ,,SI ,SI 
Operaciones Activas ,Crédito PYME ,Crédito Simple (CPYME) ,Inconformidad por cambio de Aseguradora ,'025711091174 ,'0857 ,,SI ,
Operaciones Activas ,Crédito PYME ,Crédito Simple (CPYME) ,"La Institución no entrega la carta liberación de adeudos y/o carta finiquito, factura, garantía, gravamen, 1er testimonio ",'025711091174 ,'0858 ,,SI ,
Operaciones Activas ,Crédito PYME ,Crédito Simple (CPYME) ,"Crédito otorgado sin ser solicitado ni autorizado por el Usuario, cliente y/o socio ",'025711091174 ,'0913 ,,SI ,
Operaciones Activas ,Crédito PYME ,Crédito Simple (CPYME) ,"El Usuario, cliente y/o socio no recibió el estado de cuenta con la leyenda de liquidación ",'025711091174 ,'0939 ,,SI ,
Operaciones Activas ,Crédito PYME ,Crédito Simple (CPYME) ,"El Usuario, cliente y/o socio no reconoce haber celebrado contrato con la Institución ",'025711091174 ,'0940 ,,SI ,
Operaciones Activas ,Crédito PYME ,Crédito Simple (CPYME) ,Inconformidad con el cobro de comisión y accesorios por cancelación de crédito en términos de lo dispuesto en el contrato ,'025711091174 ,'0963 ,,SI ,SI 
Operaciones Activas ,Crédito PYME ,Crédito Simple (CPYME) ,"Inconformidad con el cobro de productos o servicios no contratados por el Usuario, cliente y/o socio ",'025711091174 ,'0967 ,,SI ,
Operaciones Activas ,Crédito PYME ,Crédito Simple (CPYME) ,"Inconformidad con el cobro de remanentes a favor del Usuario, cliente y/o socio ",'025711091174 ,'0969 ,,SI ,SI 
Operaciones Activas ,Crédito PYME ,Crédito Simple (CPYME) ,Inconformidad con la aclaración de los términos del contrato ,'025711091174 ,'1005 ,,SI ,
Operaciones Activas ,Crédito PYME ,Crédito Simple (CPYME) ,Inconformidad con la no aceptación de pago con otro medio diferente al efectivo ,'025711091174 ,'1011 ,,SI ,
Operaciones Activas ,Crédito PYME ,Crédito Simple (CPYME) ,Incumplimiento con los términos del contrato ,'025711091174 ,'1042 ,,SI ,
Operaciones Activas ,Crédito PYME ,Crédito Simple (CPYME) ,"Modificación de comisiones sin aviso previo al Usuario, cliente y/o socio ",'025711091174 ,'1058 ,,SI ,
Operaciones Activas ,Crédito PYME ,Crédito Simple (CPYME) ,"Modificación de tasa contractual sin aviso previo al Usuario, cliente y/o socio ",'025711091174 ,'1060 ,,SI ,
Operaciones Activas ,Crédito PYME ,Crédito Simple (CPYME) ,Negativa a cumplir con la conclusión anticipada establecida en el contrato ,'025711091174 ,'1064 ,,SI ,
Operaciones Activas ,Crédito PYME ,Crédito Simple (CPYME) ,No entrega de tabla de amortización al momento de formalizar el contrato ,'025711091174 ,'1074 ,,SI ,
Operaciones Activas ,Crédito PYME ,Crédito Simple (CPYME) ,"No envío de estados de cuenta al domicilio del Usuario, cliente y/o socio ",'025711091174 ,'1075 ,,SI ,
Operaciones Activas ,Crédito PYME ,Crédito Simple (CPYME) ,Orientación sobre el funcionamiento de productos y servicios financieros ,'025711091174 ,'1079 ,SI ,,
Operaciones Activas ,Crédito PYME ,Crédito Simple (CPYME) ,Pago o depósito no aplicado total o parcialmente al producto o servicio ,'025711091174 ,'1081 ,,SI ,SI 
Operaciones Activas ,Crédito PYME ,Crédito Simple (CPYME) ,Solicitud de cancelación de producto o servicio no atendida y/o no aplicada ,'025711091174 ,'1101 ,,SI ,
Operaciones Activas ,Crédito PYME ,Crédito Simple (CPYME) ,Información sobre la actualización de historial crediticio ,'025711091174 ,'1200 ,SI ,,
Operaciones Activas ,Crédito PYME ,Crédito Simple (CPYME) ,Consulta del monto de las primas de los seguros por lo que respecta a la amortización ,'025711091174 ,'1204 ,SI ,,
Operaciones Activas ,Crédito PYME ,Crédito Simple (CPYME) ,Solicitud de estados de cuenta ,'025711091174 ,'1207 ,SI ,,
Operaciones Activas ,Crédito PYME ,Crédito Simple (CPYME) ,Información del cobro de intereses ordinarios y/o moratorios ,'025711091174 ,'1211 ,SI ,,
Operaciones Activas ,Crédito PYME ,Crédito Simple (CPYME) ,Información para la cancelación de producto o servicio ,'025711091174 ,'1217 ,SI ,,
Operaciones Activas ,Crédito PYME ,Crédito Simple (CPYME) ,"Información para la entrega de la carta liberación de adeudos y/o carta finiquito, factura, garantía, gravamen, 1er testimonio ",'025711091174 ,'1221 ,SI ,,
Operaciones Activas ,Crédito PYME ,Crédito Cuenta Corriente (CPYME) ,Solicitud de estados de cuenta no atendida ,'025711091175 ,'0188 ,,SI ,
Operaciones Activas ,Crédito PYME ,Crédito Cuenta Corriente (CPYME) ,Inconformidad con la recepción de pagos ,'025711091175 ,'0353 ,,SI ,
Operaciones Activas ,Crédito PYME ,Crédito Cuenta Corriente (CPYME) ,Inconformidad con el cobro de comisiones y/o gastos de investigación ,'025711091175 ,'0413 ,,SI ,SI 
Operaciones Activas ,Crédito PYME ,Crédito Cuenta Corriente (CPYME) ,Inconformidad con el saldo del crédito o del monto de las amortizaciones ,'025711091175 ,'0577 ,,SI ,SI 
Operaciones Activas ,Crédito PYME ,Crédito Cuenta Corriente (CPYME) ,Inconformidad con el monto de los gastos de apertura del crédito ,'025711091175 ,'0582 ,,SI ,SI 
Operaciones Activas ,Crédito PYME ,Crédito Cuenta Corriente (CPYME) ,Crédito aprobado sin la entrega de recursos ,'025711091175 ,'0583 ,,SI ,
Operaciones Activas ,Crédito PYME ,Crédito Cuenta Corriente (CPYME) ,Inconformidad con el monto de las primas de los seguros por lo que respecta a la amortización ,'025711091175 ,'0611 ,,SI ,SI 
Operaciones Activas ,Crédito PYME ,Crédito Cuenta Corriente (CPYME) ,Negociación de créditos (Orientación) ,'025711091175 ,'0666 ,SI ,,
Operaciones Activas ,Crédito PYME ,Crédito Cuenta Corriente (CPYME) ,Consulta de saldos y movimientos no atendida ,'025711091175 ,'0712 ,,SI ,
Operaciones Activas ,Crédito PYME ,Crédito Cuenta Corriente (CPYME) ,Actualización de historial crediticio no realizada ,'025711091175 ,'0730 ,,SI ,
Operaciones Activas ,Crédito PYME ,Crédito Cuenta Corriente (CPYME) ,Beneficios no aplicados al crédito ,'025711091175 ,'0732 ,,SI ,
Operaciones Activas ,Crédito PYME ,Crédito Cuenta Corriente (CPYME) ,Inconformidad con el monto de las primas devengadas del seguro vinculado ,'025711091175 ,'0751 ,,SI ,SI 
Operaciones Activas ,Crédito PYME ,Crédito Cuenta Corriente (CPYME) ,No entrega de acuse de recepción de la aclaración ,'025711091175 ,'0770 ,,SI ,
Operaciones Activas ,Crédito PYME ,Crédito Cuenta Corriente (CPYME) ,Crédito no reconocido en el historial crediticio ,'025711091175 ,'0835 ,,SI ,
Operaciones Activas ,Crédito PYME ,Crédito Cuenta Corriente (CPYME) ,Cobro de comisión por pago efectuado no aplicado ,'025711091175 ,'0840 ,,SI ,SI 
Operaciones Activas ,Crédito PYME ,Crédito Cuenta Corriente (CPYME) ,Cobro no reconocido de intereses ordinarios y/o moratorios ,'025711091175 ,'0841 ,,SI ,SI 
Operaciones Activas ,Crédito PYME ,Crédito Cuenta Corriente (CPYME) ,Convenio/reestructura de pago no respetado por la Institución ,'025711091175 ,'0842 ,,SI ,
Operaciones Activas ,Crédito PYME ,Crédito Cuenta Corriente (CPYME) ,Eliminación de historial crediticio no realizada ,'025711091175 ,'0844 ,,SI ,
Operaciones Activas ,Crédito PYME ,Crédito Cuenta Corriente (CPYME) ,Inconformidad con el cobro de comisión no reconocida o no pactada en el contrato ,'025711091175 ,'0849 ,,SI ,
Operaciones Activas ,Crédito PYME ,Crédito Cuenta Corriente (CPYME) ,Inconformidad con el cobro de comisión por cancelación del crédito ,'025711091175 ,'0850 ,,SI ,SI 
Operaciones Activas ,Crédito PYME ,Crédito Cuenta Corriente (CPYME) ,Inconformidad con el cobro de comisión por pago anticipado no pactada en el contrato ,'025711091175 ,'0851 ,,SI ,SI 
Operaciones Activas ,Crédito PYME ,Crédito Cuenta Corriente (CPYME) ,Inconformidad con el cobro de intereses moratorios y accesorios durante el proceso de aclaración ,'025711091175 ,'0853 ,,SI ,
Operaciones Activas ,Crédito PYME ,Crédito Cuenta Corriente (CPYME) ,Inconformidad con el cobro de intereses no pactados en el contrato ,'025711091175 ,'0854 ,,SI ,
Operaciones Activas ,Crédito PYME ,Crédito Cuenta Corriente (CPYME) ,Inconformidad con el monto de la prima de los seguros y/o con la forma del pago del mismo ,'025711091175 ,'0855 ,,SI ,SI 
Operaciones Activas ,Crédito PYME ,Crédito Cuenta Corriente (CPYME) ,Inconformidad por cambio de Aseguradora ,'025711091175 ,'0857 ,,SI ,
Operaciones Activas ,Crédito PYME ,Crédito Cuenta Corriente (CPYME) ,"La Institución no entrega la carta liberación de adeudos y/o carta finiquito, factura, garantía, gravamen, 1er testimonio ",'025711091175 ,'0858 ,,SI ,
Operaciones Activas ,Crédito PYME ,Crédito Cuenta Corriente (CPYME) ,"Crédito otorgado sin ser solicitado ni autorizado por el Usuario, cliente y/o socio ",'025711091175 ,'0913 ,,SI ,
Operaciones Activas ,Crédito PYME ,Crédito Cuenta Corriente (CPYME) ,"El Usuario, cliente y/o socio no recibió el estado de cuenta con la leyenda de liquidación ",'025711091175 ,'0939 ,,SI ,
Operaciones Activas ,Crédito PYME ,Crédito Cuenta Corriente (CPYME) ,"El Usuario, cliente y/o socio no reconoce haber celebrado contrato con la Institución ",'025711091175 ,'0940 ,,SI ,
Operaciones Activas ,Crédito PYME ,Crédito Cuenta Corriente (CPYME) ,Inconformidad con el cobro de comisión y accesorios por cancelación de crédito en términos de lo dispuesto en el contrato ,'025711091175 ,'0963 ,,SI ,SI 
Operaciones Activas ,Crédito PYME ,Crédito Cuenta Corriente (CPYME) ,"Inconformidad con el cobro de productos o servicios no contratados por el Usuario, cliente y/o socio ",'025711091175 ,'0967 ,,SI ,
Operaciones Activas ,Crédito PYME ,Crédito Cuenta Corriente (CPYME) ,"Inconformidad con el cobro de remanentes a favor del Usuario, cliente y/o socio ",'025711091175 ,'0969 ,,SI ,SI 
Operaciones Activas ,Crédito PYME ,Crédito Cuenta Corriente (CPYME) ,Inconformidad con la aclaración de los términos del contrato ,'025711091175 ,'1005 ,,SI ,
Operaciones Activas ,Crédito PYME ,Crédito Cuenta Corriente (CPYME) ,Inconformidad con la no aceptación de pago con otro medio diferente al efectivo ,'025711091175 ,'1011 ,,SI ,
Operaciones Activas ,Crédito PYME ,Crédito Cuenta Corriente (CPYME) ,Incumplimiento con los términos del contrato ,'025711091175 ,'1042 ,,SI ,
Operaciones Activas ,Crédito PYME ,Crédito Cuenta Corriente (CPYME) ,"Modificación de comisiones sin aviso previo al Usuario, cliente y/o socio ",'025711091175 ,'1058 ,,SI ,
Operaciones Activas ,Crédito PYME ,Crédito Cuenta Corriente (CPYME) ,"Modificación de tasa contractual sin aviso previo al Usuario, cliente y/o socio ",'025711091175 ,'1060 ,,SI ,
Operaciones Activas ,Crédito PYME ,Crédito Cuenta Corriente (CPYME) ,Negativa a cumplir con la conclusión anticipada establecida en el contrato ,'025711091175 ,'1064 ,,SI ,
Operaciones Activas ,Crédito PYME ,Crédito Cuenta Corriente (CPYME) ,No entrega de tabla de amortización al momento de formalizar el contrato ,'025711091175 ,'1074 ,,SI ,
Operaciones Activas ,Crédito PYME ,Crédito Cuenta Corriente (CPYME) ,"No envío de estados de cuenta al domicilio del Usuario, cliente y/o socio ",'025711091175 ,'1075 ,,SI ,
Operaciones Activas ,Crédito PYME ,Crédito Cuenta Corriente (CPYME) ,Orientación sobre el funcionamiento de productos y servicios financieros ,'025711091175 ,'1079 ,SI ,,
Operaciones Activas ,Crédito PYME ,Crédito Cuenta Corriente (CPYME) ,Pago o depósito no aplicado total o parcialmente al producto o servicio ,'025711091175 ,'1081 ,,SI ,SI 
Operaciones Activas ,Crédito PYME ,Crédito Cuenta Corriente (CPYME) ,Solicitud de cancelación de producto o servicio no atendida y/o no aplicada ,'025711091175 ,'1101 ,,SI ,
Operaciones Activas ,Crédito PYME ,Crédito Cuenta Corriente (CPYME) ,Información sobre la actualización de historial crediticio ,'025711091175 ,'1200 ,SI ,,
Operaciones Activas ,Crédito PYME ,Crédito Cuenta Corriente (CPYME) ,Consulta del monto de las primas de los seguros por lo que respecta a la amortización ,'025711091175 ,'1204 ,SI ,,
Operaciones Activas ,Crédito PYME ,Crédito Cuenta Corriente (CPYME) ,Solicitud de estados de cuenta ,'025711091175 ,'1207 ,SI ,,
Operaciones Activas ,Crédito PYME ,Crédito Cuenta Corriente (CPYME) ,Información del cobro de intereses ordinarios y/o moratorios ,'025711091175 ,'1211 ,SI ,,
Operaciones Activas ,Crédito PYME ,Crédito Cuenta Corriente (CPYME) ,Información para la cancelación de producto o servicio ,'025711091175 ,'1217 ,SI ,,
Operaciones Activas ,Crédito PYME ,Crédito Cuenta Corriente (CPYME) ,"Información para la entrega de la carta liberación de adeudos y/o carta finiquito, factura, garantía, gravamen, 1er testimonio ",'025711091175 ,'1221 ,SI ,,
Operaciones Activas ,Crédito quirografario ,Crédito Simple (CQ) ,Negativa al otorgamiento de apoyo (programas de apoyo) ,'025711101176 ,'0197 ,,SI ,
Operaciones Activas ,Crédito quirografario ,Crédito Simple (CQ) ,Inconformidad con la recepción de pagos ,'025711101176 ,'0353 ,,SI ,
Operaciones Activas ,Crédito quirografario ,Crédito Simple (CQ) ,Inconformidad con la aplicación de los programas de apoyo ,'025711101176 ,'0368 ,,SI ,
Operaciones Activas ,Crédito quirografario ,Crédito Simple (CQ) ,Inconformidad con el cobro de comisiones y/o gastos de investigación ,'025711101176 ,'0413 ,,SI ,SI 
Operaciones Activas ,Crédito quirografario ,Crédito Simple (CQ) ,Inconformidad con el saldo del crédito o del monto de las amortizaciones ,'025711101176 ,'0577 ,,SI ,SI 
Operaciones Activas ,Crédito quirografario ,Crédito Simple (CQ) ,Inconformidad con el monto de los gastos de apertura del crédito ,'025711101176 ,'0582 ,,SI ,SI 
Operaciones Activas ,Crédito quirografario ,Crédito Simple (CQ) ,Crédito aprobado sin la entrega de recursos ,'025711101176 ,'0583 ,,SI ,
Operaciones Activas ,Crédito quirografario ,Crédito Simple (CQ) ,Inconformidad con el monto de las primas de los seguros por lo que respecta a la amortización ,'025711101176 ,'0611 ,,SI ,SI 
Operaciones Activas ,Crédito quirografario ,Crédito Simple (CQ) ,Negociación de créditos (Orientación) ,'025711101176 ,'0666 ,SI ,,
Operaciones Activas ,Crédito quirografario ,Crédito Simple (CQ) ,Consulta de saldos y movimientos no atendida ,'025711101176 ,'0712 ,,SI ,
Operaciones Activas ,Crédito quirografario ,Crédito Simple (CQ) ,Actualización de historial crediticio no realizada ,'025711101176 ,'0730 ,,SI ,
Operaciones Activas ,Crédito quirografario ,Crédito Simple (CQ) ,Beneficios no aplicados al crédito ,'025711101176 ,'0732 ,,SI ,
Operaciones Activas ,Crédito quirografario ,Crédito Simple (CQ) ,"Cobro de nuevas comisiones sin aviso previo al Usuario, cliente y/o socio ",'025711101176 ,'0734 ,,SI ,
Operaciones Activas ,Crédito quirografario ,Crédito Simple (CQ) ,Inconformidad con el monto de las primas devengadas del seguro vinculado ,'025711101176 ,'0751 ,,SI ,SI 
Operaciones Activas ,Crédito quirografario ,Crédito Simple (CQ) ,No entrega de saldo a favor al cancelar el producto ,'025711101176 ,'0758 ,,SI ,
Operaciones Activas ,Crédito quirografario ,Crédito Simple (CQ) ,Otorgamiento de crédito a menores ,'025711101176 ,'0761 ,,SI ,
Operaciones Activas ,Crédito quirografario ,Crédito Simple (CQ) ,No entrega de acuse de recepción de la aclaración ,'025711101176 ,'0770 ,,SI ,
Operaciones Activas ,Crédito quirografario ,Crédito Simple (CQ) ,Cobro de comisión por pago efectuado no aplicado ,'025711101176 ,'0840 ,,SI ,SI 
Operaciones Activas ,Crédito quirografario ,Crédito Simple (CQ) ,Cobro no reconocido de intereses ordinarios y/o moratorios ,'025711101176 ,'0841 ,,SI ,SI 
Operaciones Activas ,Crédito quirografario ,Crédito Simple (CQ) ,Convenio/reestructura de pago no respetado por la Institución ,'025711101176 ,'0842 ,,SI ,
Operaciones Activas ,Crédito quirografario ,Crédito Simple (CQ) ,Eliminación de historial crediticio no realizada ,'025711101176 ,'0844 ,,SI ,
Operaciones Activas ,Crédito quirografario ,Crédito Simple (CQ) ,Inconformidad con el cobro de comisión no reconocida o no pactada en el contrato ,'025711101176 ,'0849 ,,SI ,
Operaciones Activas ,Crédito quirografario ,Crédito Simple (CQ) ,Inconformidad con el cobro de comisión por cancelación del crédito ,'025711101176 ,'0850 ,,SI ,SI 
Operaciones Activas ,Crédito quirografario ,Crédito Simple (CQ) ,Inconformidad con el cobro de comisión por pago anticipado no pactada en el contrato ,'025711101176 ,'0851 ,,SI ,SI 
Operaciones Activas ,Crédito quirografario ,Crédito Simple (CQ) ,Inconformidad con el cobro de intereses moratorios y accesorios durante el proceso de aclaración ,'025711101176 ,'0853 ,,SI ,
Operaciones Activas ,Crédito quirografario ,Crédito Simple (CQ) ,Inconformidad con el cobro de intereses no pactados en el contrato ,'025711101176 ,'0854 ,,SI ,
Operaciones Activas ,Crédito quirografario ,Crédito Simple (CQ) ,Inconformidad con el monto de la prima de los seguros y/o con la forma del pago del mismo ,'025711101176 ,'0855 ,,SI ,SI 
Operaciones Activas ,Crédito quirografario ,Crédito Simple (CQ) ,"La Institución no entrega la carta liberación de adeudos y/o carta finiquito, factura, garantía, gravamen, 1er testimonio ",'025711101176 ,'0858 ,,SI ,
Operaciones Activas ,Crédito quirografario ,Crédito Simple (CQ) ,"El Usuario, cliente y/o socio no recibió el estado de cuenta con la leyenda de liquidación ",'025711101176 ,'0939 ,,SI ,
Operaciones Activas ,Crédito quirografario ,Crédito Simple (CQ) ,Inconformidad con el cobro de comisión y accesorios por cancelación de crédito en términos de lo dispuesto en el contrato ,'025711101176 ,'0963 ,,SI ,SI 
Operaciones Activas ,Crédito quirografario ,Crédito Simple (CQ) ,"Inconformidad con el cobro de productos o servicios no contratados por el Usuario, cliente y/o socio ",'025711101176 ,'0967 ,,SI ,
Operaciones Activas ,Crédito quirografario ,Crédito Simple (CQ) ,"Inconformidad con el cobro de remanentes a favor del Usuario, cliente y/o socio ",'025711101176 ,'0969 ,,SI ,SI 
Operaciones Activas ,Crédito quirografario ,Crédito Simple (CQ) ,Inconformidad con la no aceptación de pago con otro medio diferente al efectivo ,'025711101176 ,'1011 ,,SI ,
Operaciones Activas ,Crédito quirografario ,Crédito Simple (CQ) ,Incumplimiento con los términos del contrato ,'025711101176 ,'1042 ,,SI ,
Operaciones Activas ,Crédito quirografario ,Crédito Simple (CQ) ,"Modificación de comisiones sin aviso previo al Usuario, cliente y/o socio ",'025711101176 ,'1058 ,,SI ,
Operaciones Activas ,Crédito quirografario ,Crédito Simple (CQ) ,"Modificación de tasa contractual sin aviso previo al Usuario, cliente y/o socio ",'025711101176 ,'1060 ,,SI ,
Operaciones Activas ,Crédito quirografario ,Crédito Simple (CQ) ,Negativa a cumplir con la conclusión anticipada establecida en el contrato ,'025711101176 ,'1064 ,,SI ,
Operaciones Activas ,Crédito quirografario ,Crédito Simple (CQ) ,No entrega de tabla de amortización al momento de formalizar el contrato ,'025711101176 ,'1074 ,,SI ,
Operaciones Activas ,Crédito quirografario ,Crédito Simple (CQ) ,"No envío de estados de cuenta al domicilio del Usuario, cliente y/o socio ",'025711101176 ,'1075 ,,SI ,
Operaciones Activas ,Crédito quirografario ,Crédito Simple (CQ) ,Orientación sobre el funcionamiento de productos y servicios financieros ,'025711101176 ,'1079 ,SI ,,
Operaciones Activas ,Crédito quirografario ,Crédito Simple (CQ) ,Pago o depósito no aplicado total o parcialmente al producto o servicio ,'025711101176 ,'1081 ,,SI ,SI 
Operaciones Activas ,Crédito quirografario ,Crédito Simple (CQ) ,"Promociones, meses sin intereses, sorteos o premios no entregados o aplicados al Usuario, cliente y/o socio ",'025711101176 ,'1086 ,,SI ,SI 
Operaciones Activas ,Crédito quirografario ,Crédito Simple (CQ) ,Solicitud de cancelación de producto o servicio no atendida y/o no aplicada ,'025711101176 ,'1101 ,,SI ,
Operaciones Activas ,Crédito quirografario ,Crédito Simple (CQ) ,Información sobre la actualización de historial crediticio ,'025711101176 ,'1200 ,SI ,,
Operaciones Activas ,Crédito quirografario ,Crédito Simple (CQ) ,Consulta del monto de las primas de los seguros por lo que respecta a la amortización ,'025711101176 ,'1204 ,SI ,,
Operaciones Activas ,Crédito quirografario ,Crédito Simple (CQ) ,Información del cobro de intereses ordinarios y/o moratorios ,'025711101176 ,'1211 ,SI ,,
Operaciones Activas ,Crédito quirografario ,Crédito Simple (CQ) ,Información para la cancelación de producto o servicio ,'025711101176 ,'1217 ,SI ,,
Operaciones Activas ,Crédito quirografario ,Crédito Simple (CQ) ,"Información para la entrega de la carta liberación de adeudos y/o carta finiquito, factura, garantía, gravamen, 1er testimonio ",'025711101176 ,'1221 ,SI ,,
Operaciones Activas ,Crédito quirografario ,Crédito Simple (CQ) ,Seguimiento de Aclaración (estatus de su solicitud de aclaración) ,'025711101176 ,'1245 ,SI ,,
Operaciones Activas ,Crédito quirografario ,Crédito Simple (CQ) ,"Consulta de Movimientos de préstamos (aplicación de descuentos, devoluciones) ",'025711101176 ,'1246 ,SI ,,
Operaciones Activas ,Créditos solidarios y/o grupal ,Crédito Simple (CSG) ,Solicitud de estados de cuenta no atendida ,'025711111177 ,'0188 ,,SI ,
Operaciones Activas ,Créditos solidarios y/o grupal ,Crédito Simple (CSG) ,Negativa al otorgamiento de apoyo (programas de apoyo) ,'025711111177 ,'0197 ,,SI ,
Operaciones Activas ,Créditos solidarios y/o grupal ,Crédito Simple (CSG) ,Inconformidad con la recepción de pagos ,'025711111177 ,'0353 ,,SI ,
Operaciones Activas ,Créditos solidarios y/o grupal ,Crédito Simple (CSG) ,Cargo indebido de intereses y gastos de cobranza ,'025711111177 ,'0367 ,,SI ,SI 
Operaciones Activas ,Créditos solidarios y/o grupal ,Crédito Simple (CSG) ,Inconformidad con la aplicación de los programas de apoyo ,'025711111177 ,'0368 ,,SI ,
Operaciones Activas ,Créditos solidarios y/o grupal ,Crédito Simple (CSG) ,Inconformidad con el cobro de comisiones y/o gastos de investigación ,'025711111177 ,'0413 ,,SI ,SI 
Operaciones Activas ,Créditos solidarios y/o grupal ,Crédito Simple (CSG) ,Inconformidad con el saldo del crédito o del monto de las amortizaciones ,'025711111177 ,'0577 ,,SI ,SI 
Operaciones Activas ,Créditos solidarios y/o grupal ,Crédito Simple (CSG) ,Inconformidad con el monto de los gastos de apertura del crédito ,'025711111177 ,'0582 ,,SI ,SI 
Operaciones Activas ,Créditos solidarios y/o grupal ,Crédito Simple (CSG) ,Crédito aprobado sin la entrega de recursos ,'025711111177 ,'0583 ,,SI ,
Operaciones Activas ,Créditos solidarios y/o grupal ,Crédito Simple (CSG) ,Negociación de créditos (Orientación) ,'025711111177 ,'0666 ,SI ,,
Operaciones Activas ,Créditos solidarios y/o grupal ,Crédito Simple (CSG) ,Consulta de saldos y movimientos no atendida ,'025711111177 ,'0712 ,,SI ,
Operaciones Activas ,Créditos solidarios y/o grupal ,Crédito Simple (CSG) ,Actualización de historial crediticio no realizada ,'025711111177 ,'0730 ,,SI ,
Operaciones Activas ,Créditos solidarios y/o grupal ,Crédito Simple (CSG) ,Beneficios no aplicados al crédito ,'025711111177 ,'0732 ,,SI ,
Operaciones Activas ,Créditos solidarios y/o grupal ,Crédito Simple (CSG) ,No entrega de acuse de recepción de la aclaración ,'025711111177 ,'0770 ,,SI ,
Operaciones Activas ,Créditos solidarios y/o grupal ,Crédito Simple (CSG) ,Crédito no reconocido en el historial crediticio ,'025711111177 ,'0835 ,,SI ,
Operaciones Activas ,Créditos solidarios y/o grupal ,Crédito Simple (CSG) ,Cobro de comisión por pago efectuado no aplicado ,'025711111177 ,'0840 ,,SI ,SI 
Operaciones Activas ,Créditos solidarios y/o grupal ,Crédito Simple (CSG) ,Cobro no reconocido de intereses ordinarios y/o moratorios ,'025711111177 ,'0841 ,,SI ,SI 
Operaciones Activas ,Créditos solidarios y/o grupal ,Crédito Simple (CSG) ,Convenio/reestructura de pago no respetado por la Institución ,'025711111177 ,'0842 ,,SI ,
Operaciones Activas ,Créditos solidarios y/o grupal ,Crédito Simple (CSG) ,Eliminación de historial crediticio no realizada ,'025711111177 ,'0844 ,,SI ,
Operaciones Activas ,Créditos solidarios y/o grupal ,Crédito Simple (CSG) ,Inconformidad con el cobro de comisión no reconocida o no pactada en el contrato ,'025711111177 ,'0849 ,,SI ,
Operaciones Activas ,Créditos solidarios y/o grupal ,Crédito Simple (CSG) ,Inconformidad con el cobro de comisión por cancelación del crédito ,'025711111177 ,'0850 ,,SI ,SI 
Operaciones Activas ,Créditos solidarios y/o grupal ,Crédito Simple (CSG) ,Inconformidad con el cobro de comisión por pago anticipado no pactada en el contrato ,'025711111177 ,'0851 ,,SI ,SI 
Operaciones Activas ,Créditos solidarios y/o grupal ,Crédito Simple (CSG) ,Inconformidad con el cobro de intereses moratorios y accesorios durante el proceso de aclaración ,'025711111177 ,'0853 ,,SI ,
Operaciones Activas ,Créditos solidarios y/o grupal ,Crédito Simple (CSG) ,Inconformidad con el cobro de intereses no pactados en el contrato ,'025711111177 ,'0854 ,,SI ,
Operaciones Activas ,Créditos solidarios y/o grupal ,Crédito Simple (CSG) ,"La Institución no entrega la carta liberación de adeudos y/o carta finiquito, factura, garantía, gravamen, 1er testimonio ",'025711111177 ,'0858 ,,SI ,
Operaciones Activas ,Créditos solidarios y/o grupal ,Crédito Simple (CSG) ,"Crédito otorgado sin ser solicitado ni autorizado por el Usuario, cliente y/o socio ",'025711111177 ,'0913 ,,SI ,
Operaciones Activas ,Créditos solidarios y/o grupal ,Crédito Simple (CSG) ,"El Usuario, cliente y/o socio no recibió el estado de cuenta con la leyenda de liquidación ",'025711111177 ,'0939 ,,SI ,
Operaciones Activas ,Créditos solidarios y/o grupal ,Crédito Simple (CSG) ,Inconformidad con el cobro de comisión y accesorios por cancelación de crédito en términos de lo dispuesto en el contrato ,'025711111177 ,'0963 ,,SI ,SI 
Operaciones Activas ,Créditos solidarios y/o grupal ,Crédito Simple (CSG) ,"Inconformidad con el cobro de productos o servicios no contratados por el Usuario, cliente y/o socio ",'025711111177 ,'0967 ,,SI ,
Operaciones Activas ,Créditos solidarios y/o grupal ,Crédito Simple (CSG) ,Inconformidad con la aclaración de los términos del contrato ,'025711111177 ,'1005 ,,SI ,
Operaciones Activas ,Créditos solidarios y/o grupal ,Crédito Simple (CSG) ,Inconformidad con la no aceptación de pago con otro medio diferente al efectivo ,'025711111177 ,'1011 ,,SI ,
Operaciones Activas ,Créditos solidarios y/o grupal ,Crédito Simple (CSG) ,Incumplimiento con los términos del contrato ,'025711111177 ,'1042 ,,SI ,
Operaciones Activas ,Créditos solidarios y/o grupal ,Crédito Simple (CSG) ,"Modificación de comisiones sin aviso previo al Usuario, cliente y/o socio ",'025711111177 ,'1058 ,,SI ,
Operaciones Activas ,Créditos solidarios y/o grupal ,Crédito Simple (CSG) ,"Modificación de tasa contractual sin aviso previo al Usuario, cliente y/o socio ",'025711111177 ,'1060 ,,SI ,
Operaciones Activas ,Créditos solidarios y/o grupal ,Crédito Simple (CSG) ,Negativa a cumplir con la conclusión anticipada establecida en el contrato ,'025711111177 ,'1064 ,,SI ,
Operaciones Activas ,Créditos solidarios y/o grupal ,Crédito Simple (CSG) ,Orientación sobre el funcionamiento de productos y servicios financieros ,'025711111177 ,'1079 ,SI ,,
Operaciones Activas ,Créditos solidarios y/o grupal ,Crédito Simple (CSG) ,Pago o depósito no aplicado total o parcialmente al producto o servicio ,'025711111177 ,'1081 ,,SI ,SI 
Operaciones Activas ,Créditos solidarios y/o grupal ,Crédito Simple (CSG) ,Información sobre la actualización de historial crediticio ,'025711111177 ,'1200 ,SI ,,
Operaciones Activas ,Créditos solidarios y/o grupal ,Crédito Simple (CSG) ,Solicitud de estados de cuenta ,'025711111177 ,'1207 ,SI ,,
Operaciones Activas ,Créditos solidarios y/o grupal ,Crédito Simple (CSG) ,Información del cobro de intereses ordinarios y/o moratorios ,'025711111177 ,'1211 ,SI ,,
Operaciones Activas ,Créditos solidarios y/o grupal ,Crédito Simple (CSG) ,"Información para la entrega de la carta liberación de adeudos y/o carta finiquito, factura, garantía, gravamen, 1er testimonio ",'025711111177 ,'1221 ,SI ,,
Operaciones Activas ,Créditos solidarios y/o grupal ,Crédito Cuenta Corriente (CSG) ,Solicitud de estados de cuenta no atendida ,'025711111178 ,'0188 ,,SI ,
Operaciones Activas ,Créditos solidarios y/o grupal ,Crédito Cuenta Corriente (CSG) ,Negativa al otorgamiento de apoyo (programas de apoyo) ,'025711111178 ,'0197 ,,SI ,
Operaciones Activas ,Créditos solidarios y/o grupal ,Crédito Cuenta Corriente (CSG) ,Inconformidad con la recepción de pagos ,'025711111178 ,'0353 ,,SI ,
Operaciones Activas ,Créditos solidarios y/o grupal ,Crédito Cuenta Corriente (CSG) ,Cargo indebido de intereses y gastos de cobranza ,'025711111178 ,'0367 ,,SI ,SI 
Operaciones Activas ,Créditos solidarios y/o grupal ,Crédito Cuenta Corriente (CSG) ,Inconformidad con la aplicación de los programas de apoyo ,'025711111178 ,'0368 ,,SI ,
Operaciones Activas ,Créditos solidarios y/o grupal ,Crédito Cuenta Corriente (CSG) ,Inconformidad con el cobro de comisiones y/o gastos de investigación ,'025711111178 ,'0413 ,,SI ,SI 
Operaciones Activas ,Créditos solidarios y/o grupal ,Crédito Cuenta Corriente (CSG) ,Inconformidad con el saldo del crédito o del monto de las amortizaciones ,'025711111178 ,'0577 ,,SI ,SI 
Operaciones Activas ,Créditos solidarios y/o grupal ,Crédito Cuenta Corriente (CSG) ,Inconformidad con el monto de los gastos de apertura del crédito ,'025711111178 ,'0582 ,,SI ,SI 
Operaciones Activas ,Créditos solidarios y/o grupal ,Crédito Cuenta Corriente (CSG) ,Crédito aprobado sin la entrega de recursos ,'025711111178 ,'0583 ,,SI ,
Operaciones Activas ,Créditos solidarios y/o grupal ,Crédito Cuenta Corriente (CSG) ,Negociación de créditos (Orientación) ,'025711111178 ,'0666 ,SI ,,
Operaciones Activas ,Créditos solidarios y/o grupal ,Crédito Cuenta Corriente (CSG) ,Consulta de saldos y movimientos no atendida ,'025711111178 ,'0712 ,,SI ,
Operaciones Activas ,Créditos solidarios y/o grupal ,Crédito Cuenta Corriente (CSG) ,Actualización de historial crediticio no realizada ,'025711111178 ,'0730 ,,SI ,
Operaciones Activas ,Créditos solidarios y/o grupal ,Crédito Cuenta Corriente (CSG) ,Beneficios no aplicados al crédito ,'025711111178 ,'0732 ,,SI ,
Operaciones Activas ,Créditos solidarios y/o grupal ,Crédito Cuenta Corriente (CSG) ,No entrega de acuse de recepción de la aclaración ,'025711111178 ,'0770 ,,SI ,
Operaciones Activas ,Créditos solidarios y/o grupal ,Crédito Cuenta Corriente (CSG) ,Crédito no reconocido en el historial crediticio ,'025711111178 ,'0835 ,,SI ,
Operaciones Activas ,Créditos solidarios y/o grupal ,Crédito Cuenta Corriente (CSG) ,Cobro de comisión por pago efectuado no aplicado ,'025711111178 ,'0840 ,,SI ,SI 
Operaciones Activas ,Créditos solidarios y/o grupal ,Crédito Cuenta Corriente (CSG) ,Cobro no reconocido de intereses ordinarios y/o moratorios ,'025711111178 ,'0841 ,,SI ,SI 
Operaciones Activas ,Créditos solidarios y/o grupal ,Crédito Cuenta Corriente (CSG) ,Convenio/reestructura de pago no respetado por la Institución ,'025711111178 ,'0842 ,,SI ,
Operaciones Activas ,Créditos solidarios y/o grupal ,Crédito Cuenta Corriente (CSG) ,Eliminación de historial crediticio no realizada ,'025711111178 ,'0844 ,,SI ,
Operaciones Activas ,Créditos solidarios y/o grupal ,Crédito Cuenta Corriente (CSG) ,Inconformidad con el cobro de comisión no reconocida o no pactada en el contrato ,'025711111178 ,'0849 ,,SI ,
Operaciones Activas ,Créditos solidarios y/o grupal ,Crédito Cuenta Corriente (CSG) ,Inconformidad con el cobro de comisión por cancelación del crédito ,'025711111178 ,'0850 ,,SI ,SI 
Operaciones Activas ,Créditos solidarios y/o grupal ,Crédito Cuenta Corriente (CSG) ,Inconformidad con el cobro de comisión por pago anticipado no pactada en el contrato ,'025711111178 ,'0851 ,,SI ,SI 
Operaciones Activas ,Créditos solidarios y/o grupal ,Crédito Cuenta Corriente (CSG) ,Inconformidad con el cobro de intereses moratorios y accesorios durante el proceso de aclaración ,'025711111178 ,'0853 ,,SI ,
Operaciones Activas ,Créditos solidarios y/o grupal ,Crédito Cuenta Corriente (CSG) ,Inconformidad con el cobro de intereses no pactados en el contrato ,'025711111178 ,'0854 ,,SI ,
Operaciones Activas ,Créditos solidarios y/o grupal ,Crédito Cuenta Corriente (CSG) ,"La Institución no entrega la carta liberación de adeudos y/o carta finiquito, factura, garantía, gravamen, 1er testimonio ",'025711111178 ,'0858 ,,SI ,
Operaciones Activas ,Créditos solidarios y/o grupal ,Crédito Cuenta Corriente (CSG) ,"Crédito otorgado sin ser solicitado ni autorizado por el Usuario, cliente y/o socio ",'025711111178 ,'0913 ,,SI ,
Operaciones Activas ,Créditos solidarios y/o grupal ,Crédito Cuenta Corriente (CSG) ,"El Usuario, cliente y/o socio no recibió el estado de cuenta con la leyenda de liquidación ",'025711111178 ,'0939 ,,SI ,
Operaciones Activas ,Créditos solidarios y/o grupal ,Crédito Cuenta Corriente (CSG) ,Inconformidad con el cobro de comisión y accesorios por cancelación de crédito en términos de lo dispuesto en el contrato ,'025711111178 ,'0963 ,,SI ,SI 
Operaciones Activas ,Créditos solidarios y/o grupal ,Crédito Cuenta Corriente (CSG) ,"Inconformidad con el cobro de productos o servicios no contratados por el Usuario, cliente y/o socio ",'025711111178 ,'0967 ,,SI ,
Operaciones Activas ,Créditos solidarios y/o grupal ,Crédito Cuenta Corriente (CSG) ,Inconformidad con la aclaración de los términos del contrato ,'025711111178 ,'1005 ,,SI ,
Operaciones Activas ,Créditos solidarios y/o grupal ,Crédito Cuenta Corriente (CSG) ,Inconformidad con la no aceptación de pago con otro medio diferente al efectivo ,'025711111178 ,'1011 ,,SI ,
Operaciones Activas ,Créditos solidarios y/o grupal ,Crédito Cuenta Corriente (CSG) ,Incumplimiento con los términos del contrato ,'025711111178 ,'1042 ,,SI ,
Operaciones Activas ,Créditos solidarios y/o grupal ,Crédito Cuenta Corriente (CSG) ,"Modificación de comisiones sin aviso previo al Usuario, cliente y/o socio ",'025711111178 ,'1058 ,,SI ,
Operaciones Activas ,Créditos solidarios y/o grupal ,Crédito Cuenta Corriente (CSG) ,"Modificación de tasa contractual sin aviso previo al Usuario, cliente y/o socio ",'025711111178 ,'1060 ,,SI ,
Operaciones Activas ,Créditos solidarios y/o grupal ,Crédito Cuenta Corriente (CSG) ,Negativa a cumplir con la conclusión anticipada establecida en el contrato ,'025711111178 ,'1064 ,,SI ,
Operaciones Activas ,Créditos solidarios y/o grupal ,Crédito Cuenta Corriente (CSG) ,Orientación sobre el funcionamiento de productos y servicios financieros ,'025711111178 ,'1079 ,SI ,,
Operaciones Activas ,Créditos solidarios y/o grupal ,Crédito Cuenta Corriente (CSG) ,Pago o depósito no aplicado total o parcialmente al producto o servicio ,'025711111178 ,'1081 ,,SI ,SI 
Operaciones Activas ,Créditos solidarios y/o grupal ,Crédito Cuenta Corriente (CSG) ,Información sobre la actualización de historial crediticio ,'025711111178 ,'1200 ,SI ,,
Operaciones Activas ,Créditos solidarios y/o grupal ,Crédito Cuenta Corriente (CSG) ,Solicitud de estados de cuenta ,'025711111178 ,'1207 ,SI ,,
Operaciones Activas ,Créditos solidarios y/o grupal ,Crédito Cuenta Corriente (CSG) ,Información del cobro de intereses ordinarios y/o moratorios ,'025711111178 ,'1211 ,SI ,,
Operaciones Activas ,Créditos solidarios y/o grupal ,Crédito Cuenta Corriente (CSG) ,"Información para la entrega de la carta liberación de adeudos y/o carta finiquito, factura, garantía, gravamen, 1er testimonio ",'025711111178 ,'1221 ,SI ,,
Operaciones Activas ,Créditos y préstamos de habilitación y avío ,Crédito Simple (CPHA) ,Solicitud de estados de cuenta no atendida ,'025711121179 ,'0188 ,,SI ,
Operaciones Activas ,Créditos y préstamos de habilitación y avío ,Crédito Simple (CPHA) ,Inconformidad con el cobro y/o con la prima del seguro ,'025711121179 ,'0411 ,,SI ,SI 
Operaciones Activas ,Créditos y préstamos de habilitación y avío ,Crédito Simple (CPHA) ,Inconformidad con el cobro de comisiones y/o gastos de investigación ,'025711121179 ,'0413 ,,SI ,SI 
Operaciones Activas ,Créditos y préstamos de habilitación y avío ,Crédito Simple (CPHA) ,Inconformidad con el saldo del crédito o del monto de las amortizaciones ,'025711121179 ,'0577 ,,SI ,SI 
Operaciones Activas ,Créditos y préstamos de habilitación y avío ,Crédito Simple (CPHA) ,Inconformidad con el monto de los gastos de apertura del crédito ,'025711121179 ,'0582 ,,SI ,SI 
Operaciones Activas ,Créditos y préstamos de habilitación y avío ,Crédito Simple (CPHA) ,Crédito aprobado sin la entrega de recursos ,'025711121179 ,'0583 ,,SI ,
Operaciones Activas ,Créditos y préstamos de habilitación y avío ,Crédito Simple (CPHA) ,Negociación de créditos (Orientación) ,'025711121179 ,'0666 ,SI ,,
Operaciones Activas ,Créditos y préstamos de habilitación y avío ,Crédito Simple (CPHA) ,Consulta de saldos y movimientos no atendida ,'025711121179 ,'0712 ,,SI ,
Operaciones Activas ,Créditos y préstamos de habilitación y avío ,Crédito Simple (CPHA) ,Actualización de historial crediticio no realizada ,'025711121179 ,'0730 ,,SI ,
Operaciones Activas ,Créditos y préstamos de habilitación y avío ,Crédito Simple (CPHA) ,Beneficios no aplicados al crédito ,'025711121179 ,'0732 ,,SI ,
Operaciones Activas ,Créditos y préstamos de habilitación y avío ,Crédito Simple (CPHA) ,Inconformidad con el monto de las primas devengadas del seguro vinculado ,'025711121179 ,'0751 ,,SI ,SI 
Operaciones Activas ,Créditos y préstamos de habilitación y avío ,Crédito Simple (CPHA) ,Otorgamiento de crédito a menores ,'025711121179 ,'0761 ,,SI ,
Operaciones Activas ,Créditos y préstamos de habilitación y avío ,Crédito Simple (CPHA) ,No entrega de acuse de recepción de la aclaración ,'025711121179 ,'0770 ,,SI ,
Operaciones Activas ,Créditos y préstamos de habilitación y avío ,Crédito Simple (CPHA) ,Crédito no reconocido en el historial crediticio ,'025711121179 ,'0835 ,,SI ,
Operaciones Activas ,Créditos y préstamos de habilitación y avío ,Crédito Simple (CPHA) ,Cobro de comisión por pago efectuado no aplicado ,'025711121179 ,'0840 ,,SI ,SI 
Operaciones Activas ,Créditos y préstamos de habilitación y avío ,Crédito Simple (CPHA) ,Cobro no reconocido de intereses ordinarios y/o moratorios ,'025711121179 ,'0841 ,,SI ,SI 
Operaciones Activas ,Créditos y préstamos de habilitación y avío ,Crédito Simple (CPHA) ,Convenio/reestructura de pago no respetado por la Institución ,'025711121179 ,'0842 ,,SI ,
Operaciones Activas ,Créditos y préstamos de habilitación y avío ,Crédito Simple (CPHA) ,Eliminación de historial crediticio no realizada ,'025711121179 ,'0844 ,,SI ,
Operaciones Activas ,Créditos y préstamos de habilitación y avío ,Crédito Simple (CPHA) ,Inconformidad con el cobro de comisión no reconocida o no pactada en el contrato ,'025711121179 ,'0849 ,,SI ,
Operaciones Activas ,Créditos y préstamos de habilitación y avío ,Crédito Simple (CPHA) ,Inconformidad con el cobro de comisión por cancelación del crédito ,'025711121179 ,'0850 ,,SI ,SI 
Operaciones Activas ,Créditos y préstamos de habilitación y avío ,Crédito Simple (CPHA) ,Inconformidad con el cobro de comisión por pago anticipado no pactada en el contrato ,'025711121179 ,'0851 ,,SI ,SI 
Operaciones Activas ,Créditos y préstamos de habilitación y avío ,Crédito Simple (CPHA) ,Inconformidad con el cobro de intereses moratorios y accesorios durante el proceso de aclaración ,'025711121179 ,'0853 ,,SI ,
Operaciones Activas ,Créditos y préstamos de habilitación y avío ,Crédito Simple (CPHA) ,Inconformidad con el cobro de intereses no pactados en el contrato ,'025711121179 ,'0854 ,,SI ,
Operaciones Activas ,Créditos y préstamos de habilitación y avío ,Crédito Simple (CPHA) ,Inconformidad por cambio de Aseguradora ,'025711121179 ,'0857 ,,SI ,
Operaciones Activas ,Créditos y préstamos de habilitación y avío ,Crédito Simple (CPHA) ,"La Institución no entrega la carta liberación de adeudos y/o carta finiquito, factura, garantía, gravamen, 1er testimonio ",'025711121179 ,'0858 ,,SI ,
Operaciones Activas ,Créditos y préstamos de habilitación y avío ,Crédito Simple (CPHA) ,"Crédito otorgado sin ser solicitado ni autorizado por el Usuario, cliente y/o socio ",'025711121179 ,'0913 ,,SI ,
Operaciones Activas ,Créditos y préstamos de habilitación y avío ,Crédito Simple (CPHA) ,"El Usuario, cliente y/o socio no recibió el estado de cuenta con la leyenda de liquidación ",'025711121179 ,'0939 ,,SI ,
Operaciones Activas ,Créditos y préstamos de habilitación y avío ,Crédito Simple (CPHA) ,Inconformidad con el cobro de comisión posterior a la cancelación ,'025711121179 ,'0962 ,,SI ,
Operaciones Activas ,Créditos y préstamos de habilitación y avío ,Crédito Simple (CPHA) ,Inconformidad con el cobro de comisión y accesorios por cancelación de crédito en términos de lo dispuesto en el contrato ,'025711121179 ,'0963 ,,SI ,SI 
Operaciones Activas ,Créditos y préstamos de habilitación y avío ,Crédito Simple (CPHA) ,"Inconformidad con el cobro de productos o servicios no contratados por el Usuario, cliente y/o socio ",'025711121179 ,'0967 ,,SI ,
Operaciones Activas ,Créditos y préstamos de habilitación y avío ,Crédito Simple (CPHA) ,"Inconformidad con el cobro de remanentes a favor del Usuario, cliente y/o socio ",'025711121179 ,'0969 ,,SI ,SI 
Operaciones Activas ,Créditos y préstamos de habilitación y avío ,Crédito Simple (CPHA) ,Inconformidad con el cobro de varias comisiones por el mismo concepto/operación ,'025711121179 ,'0970 ,,SI ,SI 
Operaciones Activas ,Créditos y préstamos de habilitación y avío ,Crédito Simple (CPHA) ,Inconformidad con la aclaración de los términos del contrato ,'025711121179 ,'1005 ,,SI ,
Operaciones Activas ,Créditos y préstamos de habilitación y avío ,Crédito Simple (CPHA) ,Inconformidad con la no aceptación de pago con otro medio diferente al efectivo ,'025711121179 ,'1011 ,,SI ,
Operaciones Activas ,Créditos y préstamos de habilitación y avío ,Crédito Simple (CPHA) ,Incumplimiento con los términos del contrato ,'025711121179 ,'1042 ,,SI ,
Operaciones Activas ,Créditos y préstamos de habilitación y avío ,Crédito Simple (CPHA) ,"Modificación de comisiones sin aviso previo al Usuario, cliente y/o socio ",'025711121179 ,'1058 ,,SI ,
Operaciones Activas ,Créditos y préstamos de habilitación y avío ,Crédito Simple (CPHA) ,"Modificación de tasa contractual sin aviso previo al Usuario, cliente y/o socio ",'025711121179 ,'1060 ,,SI ,
Operaciones Activas ,Créditos y préstamos de habilitación y avío ,Crédito Simple (CPHA) ,No entrega de tabla de amortización al momento de formalizar el contrato ,'025711121179 ,'1074 ,,SI ,
Operaciones Activas ,Créditos y préstamos de habilitación y avío ,Crédito Simple (CPHA) ,"No envío de estados de cuenta al domicilio del Usuario, cliente y/o socio ",'025711121179 ,'1075 ,,SI ,
Operaciones Activas ,Créditos y préstamos de habilitación y avío ,Crédito Simple (CPHA) ,Orientación sobre el funcionamiento de productos y servicios financieros ,'025711121179 ,'1079 ,SI ,,
Operaciones Activas ,Créditos y préstamos de habilitación y avío ,Crédito Simple (CPHA) ,Pago o depósito no aplicado total o parcialmente al producto o servicio ,'025711121179 ,'1081 ,,SI ,SI 
Operaciones Activas ,Créditos y préstamos de habilitación y avío ,Crédito Simple (CPHA) ,"Promociones, meses sin intereses, sorteos o premios no entregados o aplicados al Usuario, cliente y/o socio ",'025711121179 ,'1086 ,,SI ,SI 
Operaciones Activas ,Créditos y préstamos de habilitación y avío ,Crédito Simple (CPHA) ,Solicitud de cancelación de producto o servicio no atendida y/o no aplicada ,'025711121179 ,'1101 ,,SI ,
Operaciones Activas ,Créditos y préstamos de habilitación y avío ,Crédito Simple (CPHA) ,Información sobre la actualización de historial crediticio ,'025711121179 ,'1200 ,SI ,,
Operaciones Activas ,Créditos y préstamos de habilitación y avío ,Crédito Simple (CPHA) ,Solicitud de estados de cuenta ,'025711121179 ,'1207 ,SI ,,
Operaciones Activas ,Créditos y préstamos de habilitación y avío ,Crédito Simple (CPHA) ,Información del cobro de intereses ordinarios y/o moratorios ,'025711121179 ,'1211 ,SI ,,
Operaciones Activas ,Créditos y préstamos de habilitación y avío ,Crédito Simple (CPHA) ,Información del cobro y/o con la prima del seguro ,'025711121179 ,'1213 ,SI ,,
Operaciones Activas ,Créditos y préstamos de habilitación y avío ,Crédito Simple (CPHA) ,Información para la cancelación de producto o servicio ,'025711121179 ,'1217 ,SI ,,
Operaciones Activas ,Créditos y préstamos de habilitación y avío ,Crédito Simple (CPHA) ,"Información para la entrega de la carta liberación de adeudos y/o carta finiquito, factura, garantía, gravamen, 1er testimonio ",'025711121179 ,'1221 ,SI ,,
Operaciones Activas ,Créditos y préstamos refaccionarios ,Crédito Simple (CPR) ,Solicitud de estados de cuenta no atendida ,'025711131180 ,'0188 ,,SI ,
Operaciones Activas ,Créditos y préstamos refaccionarios ,Crédito Simple (CPR) ,Inconformidad con el cobro y/o con la prima del seguro ,'025711131180 ,'0411 ,,SI ,SI 
Operaciones Activas ,Créditos y préstamos refaccionarios ,Crédito Simple (CPR) ,Inconformidad con el cobro de comisiones y/o gastos de investigación ,'025711131180 ,'0413 ,,SI ,SI 
Operaciones Activas ,Créditos y préstamos refaccionarios ,Crédito Simple (CPR) ,Inconformidad con el saldo del crédito o del monto de las amortizaciones ,'025711131180 ,'0577 ,,SI ,SI 
Operaciones Activas ,Créditos y préstamos refaccionarios ,Crédito Simple (CPR) ,Inconformidad con el monto de los gastos de apertura del crédito ,'025711131180 ,'0582 ,,SI ,SI 
Operaciones Activas ,Créditos y préstamos refaccionarios ,Crédito Simple (CPR) ,Crédito aprobado sin la entrega de recursos ,'025711131180 ,'0583 ,,SI ,
Operaciones Activas ,Créditos y préstamos refaccionarios ,Crédito Simple (CPR) ,Negociación de créditos (Orientación) ,'025711131180 ,'0666 ,SI ,,
Operaciones Activas ,Créditos y préstamos refaccionarios ,Crédito Simple (CPR) ,Consulta de saldos y movimientos no atendida ,'025711131180 ,'0712 ,,SI ,
Operaciones Activas ,Créditos y préstamos refaccionarios ,Crédito Simple (CPR) ,Actualización de historial crediticio no realizada ,'025711131180 ,'0730 ,,SI ,
Operaciones Activas ,Créditos y préstamos refaccionarios ,Crédito Simple (CPR) ,Beneficios no aplicados al crédito ,'025711131180 ,'0732 ,,SI ,
Operaciones Activas ,Créditos y préstamos refaccionarios ,Crédito Simple (CPR) ,Inconformidad con el monto de las primas devengadas del seguro vinculado ,'025711131180 ,'0751 ,,SI ,SI 
Operaciones Activas ,Créditos y préstamos refaccionarios ,Crédito Simple (CPR) ,Otorgamiento de crédito a menores ,'025711131180 ,'0761 ,,SI ,
Operaciones Activas ,Créditos y préstamos refaccionarios ,Crédito Simple (CPR) ,No entrega de acuse de recepción de la aclaración ,'025711131180 ,'0770 ,,SI ,
Operaciones Activas ,Créditos y préstamos refaccionarios ,Crédito Simple (CPR) ,Crédito no reconocido en el historial crediticio ,'025711131180 ,'0835 ,,SI ,
Operaciones Activas ,Créditos y préstamos refaccionarios ,Crédito Simple (CPR) ,Cobro de comisión por pago efectuado no aplicado ,'025711131180 ,'0840 ,,SI ,SI 
Operaciones Activas ,Créditos y préstamos refaccionarios ,Crédito Simple (CPR) ,Cobro no reconocido de intereses ordinarios y/o moratorios ,'025711131180 ,'0841 ,,SI ,SI 
Operaciones Activas ,Créditos y préstamos refaccionarios ,Crédito Simple (CPR) ,Convenio/reestructura de pago no respetado por la Institución ,'025711131180 ,'0842 ,,SI ,
Operaciones Activas ,Créditos y préstamos refaccionarios ,Crédito Simple (CPR) ,Eliminación de historial crediticio no realizada ,'025711131180 ,'0844 ,,SI ,
Operaciones Activas ,Créditos y préstamos refaccionarios ,Crédito Simple (CPR) ,Inconformidad con el cobro de comisión no reconocida o no pactada en el contrato ,'025711131180 ,'0849 ,,SI ,
Operaciones Activas ,Créditos y préstamos refaccionarios ,Crédito Simple (CPR) ,Inconformidad con el cobro de comisión por cancelación del crédito ,'025711131180 ,'0850 ,,SI ,SI 
Operaciones Activas ,Créditos y préstamos refaccionarios ,Crédito Simple (CPR) ,Inconformidad con el cobro de comisión por pago anticipado no pactada en el contrato ,'025711131180 ,'0851 ,,SI ,SI 
Operaciones Activas ,Créditos y préstamos refaccionarios ,Crédito Simple (CPR) ,Inconformidad con el cobro de intereses moratorios y accesorios durante el proceso de aclaración ,'025711131180 ,'0853 ,,SI ,
Operaciones Activas ,Créditos y préstamos refaccionarios ,Crédito Simple (CPR) ,Inconformidad con el cobro de intereses no pactados en el contrato ,'025711131180 ,'0854 ,,SI ,
Operaciones Activas ,Créditos y préstamos refaccionarios ,Crédito Simple (CPR) ,Inconformidad por cambio de Aseguradora ,'025711131180 ,'0857 ,,SI ,
Operaciones Activas ,Créditos y préstamos refaccionarios ,Crédito Simple (CPR) ,"La Institución no entrega la carta liberación de adeudos y/o carta finiquito, factura, garantía, gravamen, 1er testimonio ",'025711131180 ,'0858 ,,SI ,
Operaciones Activas ,Créditos y préstamos refaccionarios ,Crédito Simple (CPR) ,"Crédito otorgado sin ser solicitado ni autorizado por el Usuario, cliente y/o socio ",'025711131180 ,'0913 ,,SI ,
Operaciones Activas ,Créditos y préstamos refaccionarios ,Crédito Simple (CPR) ,"El Usuario, cliente y/o socio no recibió el estado de cuenta con la leyenda de liquidación ",'025711131180 ,'0939 ,,SI ,
Operaciones Activas ,Créditos y préstamos refaccionarios ,Crédito Simple (CPR) ,Inconformidad con el cobro de comisión posterior a la cancelación ,'025711131180 ,'0962 ,,SI ,
Operaciones Activas ,Créditos y préstamos refaccionarios ,Crédito Simple (CPR) ,Inconformidad con el cobro de comisión y accesorios por cancelación de crédito en términos de lo dispuesto en el contrato ,'025711131180 ,'0963 ,,SI ,SI 
Operaciones Activas ,Créditos y préstamos refaccionarios ,Crédito Simple (CPR) ,"Inconformidad con el cobro de productos o servicios no contratados por el Usuario, cliente y/o socio ",'025711131180 ,'0967 ,,SI ,
Operaciones Activas ,Créditos y préstamos refaccionarios ,Crédito Simple (CPR) ,"Inconformidad con el cobro de remanentes a favor del Usuario, cliente y/o socio ",'025711131180 ,'0969 ,,SI ,SI 
Operaciones Activas ,Créditos y préstamos refaccionarios ,Crédito Simple (CPR) ,Inconformidad con el cobro de varias comisiones por el mismo concepto/operación ,'025711131180 ,'0970 ,,SI ,SI 
Operaciones Activas ,Créditos y préstamos refaccionarios ,Crédito Simple (CPR) ,Inconformidad con la aclaración de los términos del contrato ,'025711131180 ,'1005 ,,SI ,
Operaciones Activas ,Créditos y préstamos refaccionarios ,Crédito Simple (CPR) ,Inconformidad con la no aceptación de pago con otro medio diferente al efectivo ,'025711131180 ,'1011 ,,SI ,
Operaciones Activas ,Créditos y préstamos refaccionarios ,Crédito Simple (CPR) ,Incumplimiento con los términos del contrato ,'025711131180 ,'1042 ,,SI ,
Operaciones Activas ,Créditos y préstamos refaccionarios ,Crédito Simple (CPR) ,"Modificación de comisiones sin aviso previo al Usuario, cliente y/o socio ",'025711131180 ,'1058 ,,SI ,
Operaciones Activas ,Créditos y préstamos refaccionarios ,Crédito Simple (CPR) ,"Modificación de tasa contractual sin aviso previo al Usuario, cliente y/o socio ",'025711131180 ,'1060 ,,SI ,
Operaciones Activas ,Créditos y préstamos refaccionarios ,Crédito Simple (CPR) ,No entrega de tabla de amortización al momento de formalizar el contrato ,'025711131180 ,'1074 ,,SI ,
Operaciones Activas ,Créditos y préstamos refaccionarios ,Crédito Simple (CPR) ,"No envío de estados de cuenta al domicilio del Usuario, cliente y/o socio ",'025711131180 ,'1075 ,,SI ,
Operaciones Activas ,Créditos y préstamos refaccionarios ,Crédito Simple (CPR) ,Orientación sobre el funcionamiento de productos y servicios financieros ,'025711131180 ,'1079 ,SI ,,
Operaciones Activas ,Créditos y préstamos refaccionarios ,Crédito Simple (CPR) ,Pago o depósito no aplicado total o parcialmente al producto o servicio ,'025711131180 ,'1081 ,,SI ,SI 
Operaciones Activas ,Créditos y préstamos refaccionarios ,Crédito Simple (CPR) ,"Promociones, meses sin intereses, sorteos o premios no entregados o aplicados al Usuario, cliente y/o socio ",'025711131180 ,'1086 ,,SI ,SI 
Operaciones Activas ,Créditos y préstamos refaccionarios ,Crédito Simple (CPR) ,Información sobre la actualización de historial crediticio ,'025711131180 ,'1200 ,SI ,,
Operaciones Activas ,Créditos y préstamos refaccionarios ,Crédito Simple (CPR) ,Solicitud de estados de cuenta ,'025711131180 ,'1207 ,SI ,,
Operaciones Activas ,Créditos y préstamos refaccionarios ,Crédito Simple (CPR) ,Información del cobro de intereses ordinarios y/o moratorios ,'025711131180 ,'1211 ,SI ,,
Operaciones Activas ,Créditos y préstamos refaccionarios ,Crédito Simple (CPR) ,Información del cobro y/o con la prima del seguro ,'025711131180 ,'1213 ,SI ,,
Operaciones Activas ,Créditos y préstamos refaccionarios ,Crédito Simple (CPR) ,Información para la cancelación de producto o servicio ,'025711131180 ,'1217 ,SI ,,
Operaciones Activas ,Créditos y préstamos refaccionarios ,Crédito Simple (CPR) ,"Información para la entrega de la carta liberación de adeudos y/o carta finiquito, factura, garantía, gravamen, 1er testimonio ",'025711131180 ,'1221 ,SI ,,
Operaciones Activas ,Créditos y préstamos refaccionarios ,Crédito Simple (CPR) ,Solicitud de cancelación de producto o servicio no atendida y/o no aplicada ,'025711131180 ,'1101 ,,SI ,
Operaciones Activas ,Factoraje Financiero ,Crédito Simple (FF) ,Incumplimiento en la entrega de documentos ,'025711141181 ,'0162 ,,SI ,
Operaciones Activas ,Factoraje Financiero ,Crédito Simple (FF) ,Incumplimiento del factorante en su responsabilidad de notificar al deudor sobre la transmisión de derechos ,'025711141181 ,'0527 ,,SI ,
Operaciones Activas ,Factoraje Financiero ,Crédito Simple (FF) ,Pago electrónico mal aplicado total o parcialmente ,'025711141181 ,'0533 ,,SI ,SI 
Operaciones Activas ,Factoraje Financiero ,Crédito Simple (FF) ,"La Institución no entrega la carta liberación de adeudos y/o carta finiquito, factura, garantía, gravamen, 1er testimonio ",'025711141181 ,'0858 ,,SI ,
Operaciones Activas ,Factoraje Financiero ,Crédito Simple (FF) ,Inconformidad con el cobro de los gastos financieros y/o accesorios establecidos ,'025711141181 ,'0965 ,,SI ,
Operaciones Activas ,Factoraje Financiero ,Crédito Simple (FF) ,Incumplimiento con los términos del contrato ,'025711141181 ,'1042 ,,SI ,
Operaciones Activas ,Factoraje Financiero ,Crédito Simple (FF) ,Negativa a cumplir con la conclusión anticipada establecida en el contrato ,'025711141181 ,'1064 ,,SI ,
Operaciones Activas ,Factoraje Financiero ,Crédito Simple (FF) ,Orientación sobre el funcionamiento de productos y servicios financieros ,'025711141181 ,'1079 ,SI ,,
Operaciones Activas ,Factoraje Financiero ,Crédito Simple (FF) ,Pago o depósito no aplicado total o parcialmente al producto o servicio ,'025711141181 ,'1081 ,,SI ,SI 
Operaciones Activas ,Factoraje Financiero ,Crédito Simple (FF) ,"Información para la entrega de la carta liberación de adeudos y/o carta finiquito, factura, garantía, gravamen, 1er testimonio ",'025711141181 ,'1221 ,SI ,,
Operaciones Activas ,Factoraje Financiero ,Crédito Simple (FF) ,"Disposición de efectivo en ventanilla y/o sucursal no reconocida por el Usuario, cliente y/o socio ",'025711141181 ,'1236 ,,SI ,
Operaciones Activas ,Factoraje Financiero ,Crédito Simple (FF) ,"Disposición de efectivo en cajero automático no reconocida por el Usuario, cliente y/o socio ",'025711141181 ,'1237 ,,SI ,
Operaciones Activas ,Información sobre productos y servicios financieros ,Información sobre productos y servicios financieros ,Orientación sobre el funcionamiento de productos y servicios financieros ,'025711151182 ,'1079 ,SI ,,
Operaciones Activas ,Microcréditos ,Crédito Simple (MC) ,Solicitud de estados de cuenta no atendida ,'025711161183 ,'0188 ,,SI ,
Operaciones Activas ,Microcréditos ,Crédito Simple (MC) ,Negativa al otorgamiento de apoyo (programas de apoyo) ,'025711161183 ,'0197 ,,SI ,
Operaciones Activas ,Microcréditos ,Crédito Simple (MC) ,Inconformidad con la recepción de pagos ,'025711161183 ,'0353 ,,SI ,
Operaciones Activas ,Microcréditos ,Crédito Simple (MC) ,Cargo indebido de intereses y gastos de cobranza ,'025711161183 ,'0367 ,,SI ,SI 
Operaciones Activas ,Microcréditos ,Crédito Simple (MC) ,Inconformidad con la aplicación de los programas de apoyo ,'025711161183 ,'0368 ,,SI ,
Operaciones Activas ,Microcréditos ,Crédito Simple (MC) ,Inconformidad con el cobro de comisiones y/o gastos de investigación ,'025711161183 ,'0413 ,,SI ,SI 
Operaciones Activas ,Microcréditos ,Crédito Simple (MC) ,Inconformidad con el saldo del crédito o del monto de las amortizaciones ,'025711161183 ,'0577 ,,SI ,SI 
Operaciones Activas ,Microcréditos ,Crédito Simple (MC) ,Inconformidad con el monto de los gastos de apertura del crédito ,'025711161183 ,'0582 ,,SI ,SI 
Operaciones Activas ,Microcréditos ,Crédito Simple (MC) ,Crédito aprobado sin la entrega de recursos ,'025711161183 ,'0583 ,,SI ,
Operaciones Activas ,Microcréditos ,Crédito Simple (MC) ,Negociación de créditos (Orientación) ,'025711161183 ,'0666 ,SI ,,
Operaciones Activas ,Microcréditos ,Crédito Simple (MC) ,Consulta de saldos y movimientos no atendida ,'025711161183 ,'0712 ,,SI ,
Operaciones Activas ,Microcréditos ,Crédito Simple (MC) ,Actualización de historial crediticio no realizada ,'025711161183 ,'0730 ,,SI ,
Operaciones Activas ,Microcréditos ,Crédito Simple (MC) ,Beneficios no aplicados al crédito ,'025711161183 ,'0732 ,,SI ,
Operaciones Activas ,Microcréditos ,Crédito Simple (MC) ,No entrega de acuse de recepción de la aclaración ,'025711161183 ,'0770 ,,SI ,
Operaciones Activas ,Microcréditos ,Crédito Simple (MC) ,Crédito no reconocido en el historial crediticio ,'025711161183 ,'0835 ,,SI ,
Operaciones Activas ,Microcréditos ,Crédito Simple (MC) ,Cobro de comisión por pago efectuado no aplicado ,'025711161183 ,'0840 ,,SI ,SI 
Operaciones Activas ,Microcréditos ,Crédito Simple (MC) ,Cobro no reconocido de intereses ordinarios y/o moratorios ,'025711161183 ,'0841 ,,SI ,SI 
Operaciones Activas ,Microcréditos ,Crédito Simple (MC) ,Convenio/reestructura de pago no respetado por la Institución ,'025711161183 ,'0842 ,,SI ,
Operaciones Activas ,Microcréditos ,Crédito Simple (MC) ,Eliminación de historial crediticio no realizada ,'025711161183 ,'0844 ,,SI ,
Operaciones Activas ,Microcréditos ,Crédito Simple (MC) ,Inconformidad con el cobro de comisión no reconocida o no pactada en el contrato ,'025711161183 ,'0849 ,,SI ,
Operaciones Activas ,Microcréditos ,Crédito Simple (MC) ,Inconformidad con el cobro de comisión por cancelación del crédito ,'025711161183 ,'0850 ,,SI ,SI 
Operaciones Activas ,Microcréditos ,Crédito Simple (MC) ,Inconformidad con el cobro de comisión por pago anticipado no pactada en el contrato ,'025711161183 ,'0851 ,,SI ,SI 
Operaciones Activas ,Microcréditos ,Crédito Simple (MC) ,Inconformidad con el cobro de intereses moratorios y accesorios durante el proceso de aclaración ,'025711161183 ,'0853 ,,SI ,
Operaciones Activas ,Microcréditos ,Crédito Simple (MC) ,Inconformidad con el cobro de intereses no pactados en el contrato ,'025711161183 ,'0854 ,,SI ,
Operaciones Activas ,Microcréditos ,Crédito Simple (MC) ,"La Institución no entrega la carta liberación de adeudos y/o carta finiquito, factura, garantía, gravamen, 1er testimonio ",'025711161183 ,'0858 ,,SI ,
Operaciones Activas ,Microcréditos ,Crédito Simple (MC) ,"Crédito otorgado sin ser solicitado ni autorizado por el Usuario, cliente y/o socio ",'025711161183 ,'0913 ,,SI ,
Operaciones Activas ,Microcréditos ,Crédito Simple (MC) ,"El Usuario, cliente y/o socio no recibió el estado de cuenta con la leyenda de liquidación ",'025711161183 ,'0939 ,,SI ,
Operaciones Activas ,Microcréditos ,Crédito Simple (MC) ,Inconformidad con el cobro de comisión y accesorios por cancelación de crédito en términos de lo dispuesto en el contrato ,'025711161183 ,'0963 ,,SI ,SI 
Operaciones Activas ,Microcréditos ,Crédito Simple (MC) ,"Inconformidad con el cobro de productos o servicios no contratados por el Usuario, cliente y/o socio ",'025711161183 ,'0967 ,,SI ,
Operaciones Activas ,Microcréditos ,Crédito Simple (MC) ,Inconformidad con la aclaración de los términos del contrato ,'025711161183 ,'1005 ,,SI ,
Operaciones Activas ,Microcréditos ,Crédito Simple (MC) ,Inconformidad con la no aceptación de pago con otro medio diferente al efectivo ,'025711161183 ,'1011 ,,SI ,
Operaciones Activas ,Microcréditos ,Crédito Simple (MC) ,Incumplimiento con los términos del contrato ,'025711161183 ,'1042 ,,SI ,
Operaciones Activas ,Microcréditos ,Crédito Simple (MC) ,"Modificación de comisiones sin aviso previo al Usuario, cliente y/o socio ",'025711161183 ,'1058 ,,SI ,
Operaciones Activas ,Microcréditos ,Crédito Simple (MC) ,"Modificación de tasa contractual sin aviso previo al Usuario, cliente y/o socio ",'025711161183 ,'1060 ,,SI ,
Operaciones Activas ,Microcréditos ,Crédito Simple (MC) ,Negativa a cumplir con la conclusión anticipada establecida en el contrato ,'025711161183 ,'1064 ,,SI ,
Operaciones Activas ,Microcréditos ,Crédito Simple (MC) ,Orientación sobre el funcionamiento de productos y servicios financieros ,'025711161183 ,'1079 ,SI ,,
Operaciones Activas ,Microcréditos ,Crédito Simple (MC) ,Pago o depósito no aplicado total o parcialmente al producto o servicio ,'025711161183 ,'1081 ,,SI ,SI 
Operaciones Activas ,Microcréditos ,Crédito Simple (MC) ,Información sobre la actualización de historial crediticio ,'025711161183 ,'1200 ,SI ,,
Operaciones Activas ,Microcréditos ,Crédito Simple (MC) ,Solicitud de estados de cuenta ,'025711161183 ,'1207 ,SI ,,
Operaciones Activas ,Microcréditos ,Crédito Simple (MC) ,Información del cobro de intereses ordinarios y/o moratorios ,'025711161183 ,'1211 ,SI ,,
Operaciones Activas ,Microcréditos ,Crédito Simple (MC) ,"Información para la entrega de la carta liberación de adeudos y/o carta finiquito, factura, garantía, gravamen, 1er testimonio ",'025711161183 ,'1221 ,SI ,,
Operaciones Activas ,Microcréditos ,Crédito Cuenta Corriente (MC) ,Solicitud de estados de cuenta no atendida ,'025711161184 ,'0188 ,,SI ,
Operaciones Activas ,Microcréditos ,Crédito Cuenta Corriente (MC) ,Negativa al otorgamiento de apoyo (programas de apoyo) ,'025711161184 ,'0197 ,,SI ,
Operaciones Activas ,Microcréditos ,Crédito Cuenta Corriente (MC) ,Inconformidad con la recepción de pagos ,'025711161184 ,'0353 ,,SI ,
Operaciones Activas ,Microcréditos ,Crédito Cuenta Corriente (MC) ,Cargo indebido de intereses y gastos de cobranza ,'025711161184 ,'0367 ,,SI ,SI 
Operaciones Activas ,Microcréditos ,Crédito Cuenta Corriente (MC) ,Inconformidad con la aplicación de los programas de apoyo ,'025711161184 ,'0368 ,,SI ,
Operaciones Activas ,Microcréditos ,Crédito Cuenta Corriente (MC) ,Inconformidad con el cobro de comisiones y/o gastos de investigación ,'025711161184 ,'0413 ,,SI ,SI 
Operaciones Activas ,Microcréditos ,Crédito Cuenta Corriente (MC) ,Inconformidad con el saldo del crédito o del monto de las amortizaciones ,'025711161184 ,'0577 ,,SI ,SI 
Operaciones Activas ,Microcréditos ,Crédito Cuenta Corriente (MC) ,Inconformidad con el monto de los gastos de apertura del crédito ,'025711161184 ,'0582 ,,SI ,SI 
Operaciones Activas ,Microcréditos ,Crédito Cuenta Corriente (MC) ,Crédito aprobado sin la entrega de recursos ,'025711161184 ,'0583 ,,SI ,
Operaciones Activas ,Microcréditos ,Crédito Cuenta Corriente (MC) ,Negociación de créditos (Orientación) ,'025711161184 ,'0666 ,SI ,,
Operaciones Activas ,Microcréditos ,Crédito Cuenta Corriente (MC) ,Consulta de saldos y movimientos no atendida ,'025711161184 ,'0712 ,,SI ,
Operaciones Activas ,Microcréditos ,Crédito Cuenta Corriente (MC) ,Actualización de historial crediticio no realizada ,'025711161184 ,'0730 ,,SI ,
Operaciones Activas ,Microcréditos ,Crédito Cuenta Corriente (MC) ,Beneficios no aplicados al crédito ,'025711161184 ,'0732 ,,SI ,
Operaciones Activas ,Microcréditos ,Crédito Cuenta Corriente (MC) ,No entrega de acuse de recepción de la aclaración ,'025711161184 ,'0770 ,,SI ,
Operaciones Activas ,Microcréditos ,Crédito Cuenta Corriente (MC) ,Crédito no reconocido en el historial crediticio ,'025711161184 ,'0835 ,,SI ,
Operaciones Activas ,Microcréditos ,Crédito Cuenta Corriente (MC) ,Cobro de comisión por pago efectuado no aplicado ,'025711161184 ,'0840 ,,SI ,SI 
Operaciones Activas ,Microcréditos ,Crédito Cuenta Corriente (MC) ,Cobro no reconocido de intereses ordinarios y/o moratorios ,'025711161184 ,'0841 ,,SI ,SI 
Operaciones Activas ,Microcréditos ,Crédito Cuenta Corriente (MC) ,Convenio/reestructura de pago no respetado por la Institución ,'025711161184 ,'0842 ,,SI ,
Operaciones Activas ,Microcréditos ,Crédito Cuenta Corriente (MC) ,Eliminación de historial crediticio no realizada ,'025711161184 ,'0844 ,,SI ,
Operaciones Activas ,Microcréditos ,Crédito Cuenta Corriente (MC) ,Inconformidad con el cobro de comisión no reconocida o no pactada en el contrato ,'025711161184 ,'0849 ,,SI ,
Operaciones Activas ,Microcréditos ,Crédito Cuenta Corriente (MC) ,Inconformidad con el cobro de comisión por cancelación del crédito ,'025711161184 ,'0850 ,,SI ,SI 
Operaciones Activas ,Microcréditos ,Crédito Cuenta Corriente (MC) ,Inconformidad con el cobro de comisión por pago anticipado no pactada en el contrato ,'025711161184 ,'0851 ,,SI ,SI 
Operaciones Activas ,Microcréditos ,Crédito Cuenta Corriente (MC) ,Inconformidad con el cobro de intereses moratorios y accesorios durante el proceso de aclaración ,'025711161184 ,'0853 ,,SI ,
Operaciones Activas ,Microcréditos ,Crédito Cuenta Corriente (MC) ,Inconformidad con el cobro de intereses no pactados en el contrato ,'025711161184 ,'0854 ,,SI ,
Operaciones Activas ,Microcréditos ,Crédito Cuenta Corriente (MC) ,"La Institución no entrega la carta liberación de adeudos y/o carta finiquito, factura, garantía, gravamen, 1er testimonio ",'025711161184 ,'0858 ,,SI ,
Operaciones Activas ,Microcréditos ,Crédito Cuenta Corriente (MC) ,"Crédito otorgado sin ser solicitado ni autorizado por el Usuario, cliente y/o socio ",'025711161184 ,'0913 ,,SI ,
Operaciones Activas ,Microcréditos ,Crédito Cuenta Corriente (MC) ,"El Usuario, cliente y/o socio no recibió el estado de cuenta con la leyenda de liquidación ",'025711161184 ,'0939 ,,SI ,
Operaciones Activas ,Microcréditos ,Crédito Cuenta Corriente (MC) ,Inconformidad con el cobro de comisión y accesorios por cancelación de crédito en términos de lo dispuesto en el contrato ,'025711161184 ,'0963 ,,SI ,SI 
Operaciones Activas ,Microcréditos ,Crédito Cuenta Corriente (MC) ,"Inconformidad con el cobro de productos o servicios no contratados por el Usuario, cliente y/o socio ",'025711161184 ,'0967 ,,SI ,
Operaciones Activas ,Microcréditos ,Crédito Cuenta Corriente (MC) ,Inconformidad con la aclaración de los términos del contrato ,'025711161184 ,'1005 ,,SI ,
Operaciones Activas ,Microcréditos ,Crédito Cuenta Corriente (MC) ,Inconformidad con la no aceptación de pago con otro medio diferente al efectivo ,'025711161184 ,'1011 ,,SI ,
Operaciones Activas ,Microcréditos ,Crédito Cuenta Corriente (MC) ,Incumplimiento con los términos del contrato ,'025711161184 ,'1042 ,,SI ,
Operaciones Activas ,Microcréditos ,Crédito Cuenta Corriente (MC) ,"Modificación de comisiones sin aviso previo al Usuario, cliente y/o socio ",'025711161184 ,'1058 ,,SI ,
Operaciones Activas ,Microcréditos ,Crédito Cuenta Corriente (MC) ,"Modificación de tasa contractual sin aviso previo al Usuario, cliente y/o socio ",'025711161184 ,'1060 ,,SI ,
Operaciones Activas ,Microcréditos ,Crédito Cuenta Corriente (MC) ,Negativa a cumplir con la conclusión anticipada establecida en el contrato ,'025711161184 ,'1064 ,,SI ,
Operaciones Activas ,Microcréditos ,Crédito Cuenta Corriente (MC) ,Orientación sobre el funcionamiento de productos y servicios financieros ,'025711161184 ,'1079 ,SI ,,
Operaciones Activas ,Microcréditos ,Crédito Cuenta Corriente (MC) ,Pago o depósito no aplicado total o parcialmente al producto o servicio ,'025711161184 ,'1081 ,,SI ,SI 
Operaciones Activas ,Microcréditos ,Crédito Cuenta Corriente (MC) ,Información sobre la actualización de historial crediticio ,'025711161184 ,'1200 ,SI ,,
Operaciones Activas ,Microcréditos ,Crédito Cuenta Corriente (MC) ,Solicitud de estados de cuenta ,'025711161184 ,'1207 ,SI ,,
Operaciones Activas ,Microcréditos ,Crédito Cuenta Corriente (MC) ,Información del cobro de intereses ordinarios y/o moratorios ,'025711161184 ,'1211 ,SI ,,
Operaciones Activas ,Microcréditos ,Crédito Cuenta Corriente (MC) ,"Información para la entrega de la carta liberación de adeudos y/o carta finiquito, factura, garantía, gravamen, 1er testimonio ",'025711161184 ,'1221 ,SI ,,
Operaciones Activas ,Tarjeta de crédito ,Crédito Cuenta Corriente (TC) ,Solicitud de estados de cuenta no atendida ,'025711171185 ,'0188 ,,SI ,
Operaciones Activas ,Tarjeta de crédito ,Crédito Cuenta Corriente (TC) ,Cargo indebido de intereses y gastos de cobranza ,'025711171185 ,'0367 ,,SI ,SI 
Operaciones Activas ,Tarjeta de crédito ,Crédito Cuenta Corriente (TC) ,Cuota anual cobrada sin recepción del plástico ,'025711171185 ,'0399 ,,SI ,
Operaciones Activas ,Tarjeta de crédito ,Crédito Cuenta Corriente (TC) ,Devolución en comercio no aplicada ,'025711171185 ,'0519 ,,SI ,SI 
Operaciones Activas ,Tarjeta de crédito ,Crédito Cuenta Corriente (TC) ,Consumos no reconocidos ,'025711171185 ,'0557 ,,SI ,
Operaciones Activas ,Tarjeta de crédito ,Crédito Cuenta Corriente (TC) ,Consumos vía internet no reconocidos ,'025711171185 ,'0559 ,,SI ,
Operaciones Activas ,Tarjeta de crédito ,Crédito Cuenta Corriente (TC) ,Inconformidad con el saldo del crédito o del monto de las amortizaciones ,'025711171185 ,'0577 ,,SI ,SI 
Operaciones Activas ,Tarjeta de crédito ,Crédito Cuenta Corriente (TC) ,Negociación de créditos (Orientación) ,'025711171185 ,'0666 ,SI ,,
Operaciones Activas ,Tarjeta de crédito ,Crédito Cuenta Corriente (TC) ,Consulta de saldos y movimientos no atendida ,'025711171185 ,'0712 ,,SI ,
Operaciones Activas ,Tarjeta de crédito ,Crédito Cuenta Corriente (TC) ,Actualización de historial crediticio no realizada ,'025711171185 ,'0730 ,,SI ,
Operaciones Activas ,Tarjeta de crédito ,Crédito Cuenta Corriente (TC) ,Beneficios no aplicados al crédito ,'025711171185 ,'0732 ,,SI ,
Operaciones Activas ,Tarjeta de crédito ,Crédito Cuenta Corriente (TC) ,Emisión de tarjeta de crédito sin solicitud ,'025711171185 ,'0749 ,,SI ,
Operaciones Activas ,Tarjeta de crédito ,Crédito Cuenta Corriente (TC) ,Inconformidad con el monto de las primas devengadas del seguro vinculado ,'025711171185 ,'0751 ,,SI ,SI 
Operaciones Activas ,Tarjeta de crédito ,Crédito Cuenta Corriente (TC) ,No entrega de saldo a favor al cancelar el producto ,'025711171185 ,'0758 ,,SI ,
Operaciones Activas ,Tarjeta de crédito ,Crédito Cuenta Corriente (TC) ,Otorgamiento de crédito a menores ,'025711171185 ,'0761 ,,SI ,
Operaciones Activas ,Tarjeta de crédito ,Crédito Cuenta Corriente (TC) ,Inconformidad por cargo duplicado ,'025711171185 ,'0769 ,,SI ,SI 
Operaciones Activas ,Tarjeta de crédito ,Crédito Cuenta Corriente (TC) ,No entrega de acuse de recepción de la aclaración ,'025711171185 ,'0770 ,,SI ,
Operaciones Activas ,Tarjeta de crédito ,Crédito Cuenta Corriente (TC) ,Solicitud de cancelación de cargos recurrentes no atendida ,'025711171185 ,'0828 ,,SI ,
Operaciones Activas ,Tarjeta de crédito ,Crédito Cuenta Corriente (TC) ,Venta de seguros por teléfono ,'025711171185 ,'0834 ,,SI ,
Operaciones Activas ,Tarjeta de crédito ,Crédito Cuenta Corriente (TC) ,Crédito no reconocido en el historial crediticio ,'025711171185 ,'0835 ,,SI ,
Operaciones Activas ,Tarjeta de crédito ,Crédito Cuenta Corriente (TC) ,Cobro de comisión por pago efectuado no aplicado ,'025711171185 ,'0840 ,,SI ,SI 
Operaciones Activas ,Tarjeta de crédito ,Crédito Cuenta Corriente (TC) ,Cobro no reconocido de intereses ordinarios y/o moratorios ,'025711171185 ,'0841 ,,SI ,SI 
Operaciones Activas ,Tarjeta de crédito ,Crédito Cuenta Corriente (TC) ,Convenio/reestructura de pago no respetado por la Institución ,'025711171185 ,'0842 ,,SI ,
Operaciones Activas ,Tarjeta de crédito ,Crédito Cuenta Corriente (TC) ,Eliminación de historial crediticio no realizada ,'025711171185 ,'0844 ,,SI ,
Operaciones Activas ,Tarjeta de crédito ,Crédito Cuenta Corriente (TC) ,Inconformidad con el cobro de comisión no reconocida o no pactada en el contrato ,'025711171185 ,'0849 ,,SI ,
Operaciones Activas ,Tarjeta de crédito ,Crédito Cuenta Corriente (TC) ,Inconformidad con el cobro de comisión por cancelación del crédito ,'025711171185 ,'0850 ,,SI ,SI 
Operaciones Activas ,Tarjeta de crédito ,Crédito Cuenta Corriente (TC) ,Inconformidad con el cobro de comisión por pago anticipado no pactada en el contrato ,'025711171185 ,'0851 ,,SI ,SI 
Operaciones Activas ,Tarjeta de crédito ,Crédito Cuenta Corriente (TC) ,Inconformidad con el cobro de intereses moratorios y accesorios durante el proceso de aclaración ,'025711171185 ,'0853 ,,SI ,
Operaciones Activas ,Tarjeta de crédito ,Crédito Cuenta Corriente (TC) ,Inconformidad con el cobro de intereses no pactados en el contrato ,'025711171185 ,'0854 ,,SI ,
Operaciones Activas ,Tarjeta de crédito ,Crédito Cuenta Corriente (TC) ,"La Institución no entrega la carta liberación de adeudos y/o carta finiquito, factura, garantía, gravamen, 1er testimonio ",'025711171185 ,'0858 ,,SI ,
Operaciones Activas ,Tarjeta de crédito ,Crédito Cuenta Corriente (TC) ,Bloqueo o cancelación del producto o servicio sin previo aviso ,'025711171185 ,'0895 ,,SI ,
Operaciones Activas ,Tarjeta de crédito ,Crédito Cuenta Corriente (TC) ,"Crédito otorgado sin ser solicitado ni autorizado por el Usuario, cliente y/o socio ",'025711171185 ,'0913 ,,SI ,
Operaciones Activas ,Tarjeta de crédito ,Crédito Cuenta Corriente (TC) ,"El Usuario, cliente y/o socio no recibió el estado de cuenta con la leyenda de liquidación ",'025711171185 ,'0939 ,,SI ,
Operaciones Activas ,Tarjeta de crédito ,Crédito Cuenta Corriente (TC) ,"El Usuario, cliente y/o socio no reconoce haber celebrado contrato con la Institución ",'025711171185 ,'0940 ,,SI ,
Operaciones Activas ,Tarjeta de crédito ,Crédito Cuenta Corriente (TC) ,Fusión de tarjetas de crédito no atendida ,'025711171185 ,'0948 ,,SI ,
Operaciones Activas ,Tarjeta de crédito ,Crédito Cuenta Corriente (TC) ,Inconformidad con el cobro de comisión por anualidad ,'025711171185 ,'0952 ,,SI ,
Operaciones Activas ,Tarjeta de crédito ,Crédito Cuenta Corriente (TC) ,"Inconformidad con el cobro de comisión por reposición de plástico por causas no imputables al Usuario, cliente y/o socio ",'025711171185 ,'0959 ,,SI ,SI 
Operaciones Activas ,Tarjeta de crédito ,Crédito Cuenta Corriente (TC) ,Inconformidad con el cobro de comisión posterior a la cancelación ,'025711171185 ,'0962 ,,SI ,
Operaciones Activas ,Tarjeta de crédito ,Crédito Cuenta Corriente (TC) ,Inconformidad con el cobro de comisión y accesorios por cancelación de crédito en términos de lo dispuesto en el contrato ,'025711171185 ,'0963 ,,SI ,SI 
Operaciones Activas ,Tarjeta de crédito ,Crédito Cuenta Corriente (TC) ,"Inconformidad con el cobro de productos o servicios no contratados por el Usuario, cliente y/o socio ",'025711171185 ,'0967 ,,SI ,
Operaciones Activas ,Tarjeta de crédito ,Crédito Cuenta Corriente (TC) ,Inconformidad con el cobro de varias comisiones por el mismo concepto/operación ,'025711171185 ,'0970 ,,SI ,SI 
Operaciones Activas ,Tarjeta de crédito ,Crédito Cuenta Corriente (TC) ,"Inconformidad con el cobro del saldo a los Usuarios, clientes y/o socios adicionales no pactado en el contrato ",'025711171185 ,'0971 ,,SI ,
Operaciones Activas ,Tarjeta de crédito ,Crédito Cuenta Corriente (TC) ,Inconformidad con la aclaración de los términos del contrato ,'025711171185 ,'1005 ,,SI ,
Operaciones Activas ,Tarjeta de crédito ,Crédito Cuenta Corriente (TC) ,Inconformidad con la no aceptación de pago con otro medio diferente al efectivo ,'025711171185 ,'1011 ,,SI ,
Operaciones Activas ,Tarjeta de crédito ,Crédito Cuenta Corriente (TC) ,Inconformidad por aumento de la línea de crédito sin previo aviso ,'025711171185 ,'1019 ,,SI ,
Operaciones Activas ,Tarjeta de crédito ,Crédito Cuenta Corriente (TC) ,"Inconformidad por cargos no reconocidos en la cuenta por otras Instituciones financieras (Aseguradoras, SOFOM, etc.) ",'025711171185 ,'1021 ,,SI ,SI 
Operaciones Activas ,Tarjeta de crédito ,Crédito Cuenta Corriente (TC) ,Incumplimiento con los términos del contrato ,'025711171185 ,'1042 ,,SI ,
Operaciones Activas ,Tarjeta de crédito ,Crédito Cuenta Corriente (TC) ,"La Institución no puso a disposición del Usuario, cliente y/o socio el dictamen y la evidencia de su aclaración al término del plazo correspondiente (45 días naturales para operaciones en el país o 180 en el extranjero) ",'025711171185 ,'1055 ,,SI ,
Operaciones Activas ,Tarjeta de crédito ,Crédito Cuenta Corriente (TC) ,"Modificación de comisiones sin aviso previo al Usuario, cliente y/o socio ",'025711171185 ,'1058 ,,SI ,
Operaciones Activas ,Tarjeta de crédito ,Crédito Cuenta Corriente (TC) ,"Modificación de tasa contractual sin aviso previo al Usuario, cliente y/o socio ",'025711171185 ,'1060 ,,SI ,
Operaciones Activas ,Tarjeta de crédito ,Crédito Cuenta Corriente (TC) ,"No envío de estados de cuenta al domicilio del Usuario, cliente y/o socio ",'025711171185 ,'1075 ,,SI ,
Operaciones Activas ,Tarjeta de crédito ,Crédito Cuenta Corriente (TC) ,Orientación sobre el funcionamiento de productos y servicios financieros ,'025711171185 ,'1079 ,SI ,,
Operaciones Activas ,Tarjeta de crédito ,Crédito Cuenta Corriente (TC) ,Pago o depósito no aplicado total o parcialmente al producto o servicio ,'025711171185 ,'1081 ,,SI ,SI 
Operaciones Activas ,Tarjeta de crédito ,Crédito Cuenta Corriente (TC) ,"Promociones, meses sin intereses, sorteos o premios no entregados o aplicados al Usuario, cliente y/o socio ",'025711171185 ,'1086 ,,SI ,SI 
Operaciones Activas ,Tarjeta de crédito ,Crédito Cuenta Corriente (TC) ,Reposición de plástico no atendida ,'025711171185 ,'1091 ,,SI ,
Operaciones Activas ,Tarjeta de crédito ,Crédito Cuenta Corriente (TC) ,Solicitud de cancelación de producto o servicio no atendida y/o no aplicada ,'025711171185 ,'1101 ,,SI ,
Operaciones Activas ,Tarjeta de crédito ,Crédito Cuenta Corriente (TC) ,Información sobre la actualización de historial crediticio ,'025711171185 ,'1200 ,SI ,,
Operaciones Activas ,Tarjeta de crédito ,Crédito Cuenta Corriente (TC) ,Solicitud de estados de cuenta ,'025711171185 ,'1207 ,SI ,,
Operaciones Activas ,Tarjeta de crédito ,Crédito Cuenta Corriente (TC) ,Inconformidad con la disminución de la línea de crédito sin previo aviso ,'025711171185 ,'1209 ,,SI ,
Operaciones Activas ,Tarjeta de crédito ,Crédito Cuenta Corriente (TC) ,Información del cobro de intereses ordinarios y/o moratorios ,'025711171185 ,'1211 ,SI ,,
Operaciones Activas ,Tarjeta de crédito ,Crédito Cuenta Corriente (TC) ,Información para la cancelación de producto o servicio ,'025711171185 ,'1217 ,SI ,,
Operaciones Activas ,Tarjeta de crédito ,Crédito Cuenta Corriente (TC) ,"Información para la entrega de la carta liberación de adeudos y/o carta finiquito, factura, garantía, gravamen, 1er testimonio ",'025711171185 ,'1221 ,SI ,,
Operaciones Activas ,Tarjeta de crédito ,Crédito Cuenta Corriente (TC) ,Información para la fusión de tarjetas de crédito ,'025711171185 ,'1222 ,SI ,,
Operaciones Activas ,Tarjeta de crédito ,Crédito Cuenta Corriente (TC) ,"Disposición de efectivo en ventanilla y/o sucursal no reconocida por el Usuario, cliente y/o socio ",'025711171185 ,'1236 ,,SI ,
Operaciones Activas ,Tarjeta de crédito ,Crédito Cuenta Corriente (TC) ,"Disposición de efectivo en cajero automático no reconocida por el Usuario, cliente y/o socio ",'025711171185 ,'1237 ,,SI ,
Operaciones Activas ,Tarjeta de crédito ,Crédito Cuenta Corriente (TC) ,Seguimiento de Aclaración (estatus de su solicitud de aclaración) ,'025711171185 ,'1245 ,SI ,,
Operaciones Pasivas ,Cuenta de ahorro ,Cuentas de depósito a la vista (CA) ,Incumplimiento en la entrega de documentos ,'025811181186 ,'0162 ,,SI ,
Operaciones Pasivas ,Cuenta de ahorro ,Cuentas de depósito a la vista (CA) ,Solicitud de estados de cuenta no atendida ,'025811181186 ,'0188 ,,SI ,
Operaciones Pasivas ,Cuenta de ahorro ,Cuentas de depósito a la vista (CA) ,Transferencia electrónica no reconocida ,'025811181186 ,'0548 ,,SI ,
Operaciones Pasivas ,Cuenta de ahorro ,Cuentas de depósito a la vista (CA) ,Cargos no reconocidos en la cuenta ,'025811181186 ,'0552 ,,SI ,SI 
Operaciones Pasivas ,Cuenta de ahorro ,Cuentas de depósito a la vista (CA) ,Consumos no reconocidos ,'025811181186 ,'0557 ,,SI ,
Operaciones Pasivas ,Cuenta de ahorro ,Cuentas de depósito a la vista (CA) ,Consulta de saldos y movimientos no atendida ,'025811181186 ,'0712 ,,SI ,
Operaciones Pasivas ,Cuenta de ahorro ,Cuentas de depósito a la vista (CA) ,Depósito no aplicado total o parcialmente ,'025811181186 ,'0713 ,,SI ,SI 
Operaciones Pasivas ,Cuenta de ahorro ,Cuentas de depósito a la vista (CA) ,Transferencia electrónica no aplicada ,'025811181186 ,'0729 ,,SI ,SI 
Operaciones Pasivas ,Cuenta de ahorro ,Cuentas de depósito a la vista (CA) ,No entrega de acuse de recepción de la aclaración ,'025811181186 ,'0770 ,,SI ,
Operaciones Pasivas ,Cuenta de ahorro ,Cuentas de depósito a la vista (CA) ,Inconformidad con el cobro de comisión no reconocida o no pactada en el contrato ,'025811181186 ,'0849 ,,SI ,
Operaciones Pasivas ,Cuenta de ahorro ,Cuentas de depósito a la vista (CA) ,Solicitud de entrega de recursos no atendida ,'025811181186 ,'0863 ,,SI ,
Operaciones Pasivas ,Cuenta de ahorro ,Cuentas de depósito a la vista (CA) ,"Apertura de cuenta no solicitada ni autorizada por el Usuario, cliente y/o socio ",'025811181186 ,'0892 ,,SI ,
Operaciones Pasivas ,Cuenta de ahorro ,Cuentas de depósito a la vista (CA) ,Bloqueo o cancelación del producto o servicio sin previo aviso ,'025811181186 ,'0895 ,,SI ,
Operaciones Pasivas ,Cuenta de ahorro ,Cuentas de depósito a la vista (CA) ,Cuenta inactiva transferida a cuenta concentradora ,'025811181186 ,'0914 ,,SI ,
Operaciones Pasivas ,Cuenta de ahorro ,Cuentas de depósito a la vista (CA) ,Inconformidad con el cobro de comisión por anualidad ,'025811181186 ,'0952 ,,SI ,
Operaciones Pasivas ,Cuenta de ahorro ,Cuentas de depósito a la vista (CA) ,"Inconformidad con el cobro de comisión por reposición de plástico por causas no imputables al Usuario, cliente y/o socio ",'025811181186 ,'0959 ,,SI ,SI 
Operaciones Pasivas ,Cuenta de ahorro ,Cuentas de depósito a la vista (CA) ,"Inconformidad con el cobro de productos o servicios no contratados por el Usuario, cliente y/o socio ",'025811181186 ,'0967 ,,SI ,
Operaciones Pasivas ,Cuenta de ahorro ,Cuentas de depósito a la vista (CA) ,Inconformidad con el cobro de varias comisiones por el mismo concepto/operación ,'025811181186 ,'0970 ,,SI ,SI 
Operaciones Pasivas ,Cuenta de ahorro ,Cuentas de depósito a la vista (CA) ,Inconformidad con el monto de los rendimientos pagados ,'025811181186 ,'0981 ,,SI ,SI 
Operaciones Pasivas ,Cuenta de ahorro ,Cuentas de depósito a la vista (CA) ,Inconformidad con el monto en el cobro de impuestos ,'025811181186 ,'0987 ,,SI ,
Operaciones Pasivas ,Cuenta de ahorro ,Cuentas de depósito a la vista (CA) ,Inconformidad con la aclaración de los términos del contrato ,'025811181186 ,'1005 ,,SI ,
Operaciones Pasivas ,Cuenta de ahorro ,Cuentas de depósito a la vista (CA) ,Inconformidad con la no aceptación de depósito con otro medio diferente al efectivo ,'025811181186 ,'1010 ,,SI ,
Operaciones Pasivas ,Cuenta de ahorro ,Cuentas de depósito a la vista (CA) ,Incumplimiento con los términos del contrato ,'025811181186 ,'1042 ,,SI ,
Operaciones Pasivas ,Cuenta de ahorro ,Cuentas de depósito a la vista (CA) ,"Modificación de comisiones sin aviso previo al Usuario, cliente y/o socio ",'025811181186 ,'1058 ,,SI ,
Operaciones Pasivas ,Cuenta de ahorro ,Cuentas de depósito a la vista (CA) ,"No envío de estados de cuenta al domicilio del Usuario, cliente y/o socio ",'025811181186 ,'1075 ,,SI ,
Operaciones Pasivas ,Cuenta de ahorro ,Cuentas de depósito a la vista (CA) ,Orientación sobre el funcionamiento de productos y servicios financieros ,'025811181186 ,'1079 ,SI ,,
Operaciones Pasivas ,Cuenta de ahorro ,Cuentas de depósito a la vista (CA) ,"Promociones, meses sin intereses, sorteos o premios no entregados o aplicados al Usuario, cliente y/o socio ",'025811181186 ,'1086 ,,SI ,SI 
Operaciones Pasivas ,Cuenta de ahorro ,Cuentas de depósito a la vista (CA) ,Reactivación de cuenta no solicitada ,'025811181186 ,'1088 ,,SI ,
Operaciones Pasivas ,Cuenta de ahorro ,Cuentas de depósito a la vista (CA) ,Solicitud de cancelación de producto o servicio no atendida y/o no aplicada ,'025811181186 ,'1101 ,,SI ,
Operaciones Pasivas ,Cuenta de ahorro ,Cuentas de depósito a la vista (CA) ,Solicitud para entrega de fondos a beneficiarios del titular fallecido no atendida ,'025811181186 ,'1114 ,,SI ,
Operaciones Pasivas ,Cuenta de ahorro ,Cuentas de depósito a la vista (CA) ,Solicitud de estados de cuenta ,'025811181186 ,'1207 ,SI ,,
Operaciones Pasivas ,Cuenta de ahorro ,Cuentas de depósito a la vista (CA) ,Información para la cancelación de producto o servicio ,'025811181186 ,'1217 ,SI ,,
Operaciones Pasivas ,Cuenta de ahorro ,Cuentas de depósito a la vista (CA) ,"Disposición de efectivo en ventanilla y/o sucursal no reconocida por el Usuario, cliente y/o socio ",'025811181186 ,'1236 ,,SI ,
Operaciones Pasivas ,Cuenta de ahorro ,Cuentas de depósito a la vista (CA) ,"Disposición de efectivo en cajero automático no reconocida por el Usuario, cliente y/o socio ",'025811181186 ,'1237 ,,SI ,
Operaciones Pasivas ,"Cuenta de cheques (Con chequera, Sin chequera, con tarjeta de débito u otro medio de disposición) ",Cuentas de depósito a la vista (CCH) ,Abono de cheques o efectivo mal aplicado (en cuenta distinta al beneficiario) ,'025811191187 ,'0001 ,,SI ,SI 
Operaciones Pasivas ,"Cuenta de cheques (Con chequera, Sin chequera, con tarjeta de débito u otro medio de disposición) ",Cuentas de depósito a la vista (CCH) ,Incumplimiento en la entrega de documentos ,'025811191187 ,'0162 ,,SI ,
Operaciones Pasivas ,"Cuenta de cheques (Con chequera, Sin chequera, con tarjeta de débito u otro medio de disposición) ",Cuentas de depósito a la vista (CCH) ,Solicitud de estados de cuenta no atendida ,'025811191187 ,'0188 ,,SI ,
Operaciones Pasivas ,"Cuenta de cheques (Con chequera, Sin chequera, con tarjeta de débito u otro medio de disposición) ",Cuentas de depósito a la vista (CCH) ,Negativa de pago de cheques ,'025811191187 ,'0211 ,,SI ,
Operaciones Pasivas ,"Cuenta de cheques (Con chequera, Sin chequera, con tarjeta de débito u otro medio de disposición) ",Cuentas de depósito a la vista (CCH) ,Cheque pagado no reconocido por el titular ,'025811191187 ,'0544 ,,SI ,
Operaciones Pasivas ,"Cuenta de cheques (Con chequera, Sin chequera, con tarjeta de débito u otro medio de disposición) ",Cuentas de depósito a la vista (CCH) ,Transferencia electrónica no reconocida ,'025811191187 ,'0548 ,,SI ,
Operaciones Pasivas ,"Cuenta de cheques (Con chequera, Sin chequera, con tarjeta de débito u otro medio de disposición) ",Cuentas de depósito a la vista (CCH) ,Cargos no reconocidos en la cuenta ,'025811191187 ,'0552 ,,SI ,SI 
Operaciones Pasivas ,"Cuenta de cheques (Con chequera, Sin chequera, con tarjeta de débito u otro medio de disposición) ",Cuentas de depósito a la vista (CCH) ,Consulta de saldos y movimientos no atendida ,'025811191187 ,'0712 ,,SI ,
Operaciones Pasivas ,"Cuenta de cheques (Con chequera, Sin chequera, con tarjeta de débito u otro medio de disposición) ",Cuentas de depósito a la vista (CCH) ,Depósito no aplicado total o parcialmente ,'025811191187 ,'0713 ,,SI ,SI 
Operaciones Pasivas ,"Cuenta de cheques (Con chequera, Sin chequera, con tarjeta de débito u otro medio de disposición) ",Cuentas de depósito a la vista (CCH) ,Incremento de comisiones sin previo aviso por uso de TPV ,'025811191187 ,'0717 ,,SI ,
Operaciones Pasivas ,"Cuenta de cheques (Con chequera, Sin chequera, con tarjeta de débito u otro medio de disposición) ",Cuentas de depósito a la vista (CCH) ,Transferencia electrónica no aplicada ,'025811191187 ,'0729 ,,SI ,SI 
Operaciones Pasivas ,"Cuenta de cheques (Con chequera, Sin chequera, con tarjeta de débito u otro medio de disposición) ",Cuentas de depósito a la vista (CCH) ,"Cobro de nuevas comisiones sin aviso previo al Usuario, cliente y/o socio ",'025811191187 ,'0734 ,,SI ,
Operaciones Pasivas ,"Cuenta de cheques (Con chequera, Sin chequera, con tarjeta de débito u otro medio de disposición) ",Cuentas de depósito a la vista (CCH) ,No entrega de acuse de recepción de la aclaración ,'025811191187 ,'0770 ,,SI ,
Operaciones Pasivas ,"Cuenta de cheques (Con chequera, Sin chequera, con tarjeta de débito u otro medio de disposición) ",Cuentas de depósito a la vista (CCH) ,Abono no aplicado por ventas en TPV ,'025811191187 ,'0776 ,,SI ,SI 
Operaciones Pasivas ,"Cuenta de cheques (Con chequera, Sin chequera, con tarjeta de débito u otro medio de disposición) ",Cuentas de depósito a la vista (CCH) ,Venta de seguros por teléfono ,'025811191187 ,'0834 ,,SI ,
Operaciones Pasivas ,"Cuenta de cheques (Con chequera, Sin chequera, con tarjeta de débito u otro medio de disposición) ",Cuentas de depósito a la vista (CCH) ,Inconformidad con el cobro de comisión no reconocida o no pactada en el contrato ,'025811191187 ,'0849 ,,SI ,
Operaciones Pasivas ,"Cuenta de cheques (Con chequera, Sin chequera, con tarjeta de débito u otro medio de disposición) ",Cuentas de depósito a la vista (CCH) ,Solicitud de entrega de recursos no atendida ,'025811191187 ,'0863 ,,SI ,
Operaciones Pasivas ,"Cuenta de cheques (Con chequera, Sin chequera, con tarjeta de débito u otro medio de disposición) ",Cuentas de depósito a la vista (CCH) ,"Apertura de cuenta no solicitada ni autorizada por el Usuario, cliente y/o socio ",'025811191187 ,'0892 ,,SI ,
Operaciones Pasivas ,"Cuenta de cheques (Con chequera, Sin chequera, con tarjeta de débito u otro medio de disposición) ",Cuentas de depósito a la vista (CCH) ,Bloqueo o cancelación del producto o servicio sin previo aviso ,'025811191187 ,'0895 ,,SI ,
Operaciones Pasivas ,"Cuenta de cheques (Con chequera, Sin chequera, con tarjeta de débito u otro medio de disposición) ",Cuentas de depósito a la vista (CCH) ,Cheque devuelto sin causa justificada ,'025811191187 ,'0898 ,,SI ,
Operaciones Pasivas ,"Cuenta de cheques (Con chequera, Sin chequera, con tarjeta de débito u otro medio de disposición) ",Cuentas de depósito a la vista (CCH) ,Cobro indebido de comisión por sobregiro ,'025811191187 ,'0902 ,,SI ,
Operaciones Pasivas ,"Cuenta de cheques (Con chequera, Sin chequera, con tarjeta de débito u otro medio de disposición) ",Cuentas de depósito a la vista (CCH) ,Cobro no reconocido de comisiones por disposiciones de efectivo ,'025811191187 ,'0903 ,,SI ,SI 
Operaciones Pasivas ,"Cuenta de cheques (Con chequera, Sin chequera, con tarjeta de débito u otro medio de disposición) ",Cuentas de depósito a la vista (CCH) ,Cuenta inactiva transferida a cuenta concentradora ,'025811191187 ,'0914 ,,SI ,
Operaciones Pasivas ,"Cuenta de cheques (Con chequera, Sin chequera, con tarjeta de débito u otro medio de disposición) ",Cuentas de depósito a la vista (CCH) ,Inconformidad con el cobro de comisión no pactada por uso de terminal punto de venta ,'025811191187 ,'0951 ,,SI ,
Operaciones Pasivas ,"Cuenta de cheques (Con chequera, Sin chequera, con tarjeta de débito u otro medio de disposición) ",Cuentas de depósito a la vista (CCH) ,Inconformidad con el cobro de comisión por anualidad ,'025811191187 ,'0952 ,,SI ,
Operaciones Pasivas ,"Cuenta de cheques (Con chequera, Sin chequera, con tarjeta de débito u otro medio de disposición) ",Cuentas de depósito a la vista (CCH) ,Inconformidad con el cobro de comisión por cheque certificado o cheque de caja sin previo aviso ,'025811191187 ,'0953 ,,SI ,
Operaciones Pasivas ,"Cuenta de cheques (Con chequera, Sin chequera, con tarjeta de débito u otro medio de disposición) ",Cuentas de depósito a la vista (CCH) ,Inconformidad con el cobro de comisión por cheque depositado devuelto al beneficiario ,'025811191187 ,'0954 ,,SI ,
Operaciones Pasivas ,"Cuenta de cheques (Con chequera, Sin chequera, con tarjeta de débito u otro medio de disposición) ",Cuentas de depósito a la vista (CCH) ,Inconformidad con el cobro de comisión por el uso de cheques gratuitos o pactados ,'025811191187 ,'0955 ,,SI ,
Operaciones Pasivas ,"Cuenta de cheques (Con chequera, Sin chequera, con tarjeta de débito u otro medio de disposición) ",Cuentas de depósito a la vista (CCH) ,Inconformidad con el cobro de comisión por manejo de cuenta ,'025811191187 ,'0957 ,,SI ,SI 
Operaciones Pasivas ,"Cuenta de cheques (Con chequera, Sin chequera, con tarjeta de débito u otro medio de disposición) ",Cuentas de depósito a la vista (CCH) ,"Inconformidad con el cobro de productos o servicios no contratados por el Usuario, cliente y/o socio ",'025811191187 ,'0967 ,,SI ,
Operaciones Pasivas ,"Cuenta de cheques (Con chequera, Sin chequera, con tarjeta de débito u otro medio de disposición) ",Cuentas de depósito a la vista (CCH) ,Inconformidad con el cobro de varias comisiones por el mismo concepto/operación ,'025811191187 ,'0970 ,,SI ,SI 
Operaciones Pasivas ,"Cuenta de cheques (Con chequera, Sin chequera, con tarjeta de débito u otro medio de disposición) ",Cuentas de depósito a la vista (CCH) ,Inconformidad con el monto de los rendimientos pagados ,'025811191187 ,'0981 ,,SI ,SI 
Operaciones Pasivas ,"Cuenta de cheques (Con chequera, Sin chequera, con tarjeta de débito u otro medio de disposición) ",Cuentas de depósito a la vista (CCH) ,Inconformidad con el monto en el cobro de impuestos ,'025811191187 ,'0987 ,,SI ,
Operaciones Pasivas ,"Cuenta de cheques (Con chequera, Sin chequera, con tarjeta de débito u otro medio de disposición) ",Cuentas de depósito a la vista (CCH) ,Inconformidad con la aclaración de los términos del contrato ,'025811191187 ,'1005 ,,SI ,
Operaciones Pasivas ,"Cuenta de cheques (Con chequera, Sin chequera, con tarjeta de débito u otro medio de disposición) ",Cuentas de depósito a la vista (CCH) ,Inconformidad con la no aceptación de pago con otro medio diferente al efectivo ,'025811191187 ,'1011 ,,SI ,
Operaciones Pasivas ,"Cuenta de cheques (Con chequera, Sin chequera, con tarjeta de débito u otro medio de disposición) ",Cuentas de depósito a la vista (CCH) ,"Inconformidad por cargos no reconocidos en la cuenta por otras Instituciones financieras (Aseguradoras, SOFOM, etc.) ",'025811191187 ,'1021 ,,SI ,SI 
Operaciones Pasivas ,"Cuenta de cheques (Con chequera, Sin chequera, con tarjeta de débito u otro medio de disposición) ",Cuentas de depósito a la vista (CCH) ,Incumplimiento con los términos del contrato ,'025811191187 ,'1042 ,,SI ,
Operaciones Pasivas ,"Cuenta de cheques (Con chequera, Sin chequera, con tarjeta de débito u otro medio de disposición) ",Cuentas de depósito a la vista (CCH) ,"La Institución no puso a disposición del Usuario, cliente y/o socio el dictamen y la evidencia de su aclaración al término del plazo correspondiente (45 días naturales para operaciones en el país o 180 en el extranjero) ",'025811191187 ,'1055 ,,SI ,
Operaciones Pasivas ,"Cuenta de cheques (Con chequera, Sin chequera, con tarjeta de débito u otro medio de disposición) ",Cuentas de depósito a la vista (CCH) ,"Modificación de comisiones sin aviso previo al Usuario, cliente y/o socio ",'025811191187 ,'1058 ,,SI ,
Operaciones Pasivas ,"Cuenta de cheques (Con chequera, Sin chequera, con tarjeta de débito u otro medio de disposición) ",Cuentas de depósito a la vista (CCH) ,Negativa al pago de rendimientos ,'025811191187 ,'1068 ,,SI ,
Operaciones Pasivas ,"Cuenta de cheques (Con chequera, Sin chequera, con tarjeta de débito u otro medio de disposición) ",Cuentas de depósito a la vista (CCH) ,"No envío de estados de cuenta al domicilio del Usuario, cliente y/o socio ",'025811191187 ,'1075 ,,SI ,
Operaciones Pasivas ,"Cuenta de cheques (Con chequera, Sin chequera, con tarjeta de débito u otro medio de disposición) ",Cuentas de depósito a la vista (CCH) ,Orientación sobre el funcionamiento de productos y servicios financieros ,'025811191187 ,'1079 ,SI ,,
Operaciones Pasivas ,"Cuenta de cheques (Con chequera, Sin chequera, con tarjeta de débito u otro medio de disposición) ",Cuentas de depósito a la vista (CCH) ,"Promociones, meses sin intereses, sorteos o premios no entregados o aplicados al Usuario, cliente y/o socio ",'025811191187 ,'1086 ,,SI ,SI 
Operaciones Pasivas ,"Cuenta de cheques (Con chequera, Sin chequera, con tarjeta de débito u otro medio de disposición) ",Cuentas de depósito a la vista (CCH) ,Reactivación de cuenta no solicitada ,'025811191187 ,'1088 ,,SI ,
Operaciones Pasivas ,"Cuenta de cheques (Con chequera, Sin chequera, con tarjeta de débito u otro medio de disposición) ",Cuentas de depósito a la vista (CCH) ,Solicitud de cancelación de producto o servicio no atendida y/o no aplicada ,'025811191187 ,'1101 ,,SI ,
Operaciones Pasivas ,"Cuenta de cheques (Con chequera, Sin chequera, con tarjeta de débito u otro medio de disposición) ",Cuentas de depósito a la vista (CCH) ,Solicitud para entrega de fondos a beneficiarios del titular fallecido no atendida ,'025811191187 ,'1114 ,,SI ,
Operaciones Pasivas ,"Cuenta de cheques (Con chequera, Sin chequera, con tarjeta de débito u otro medio de disposición) ",Cuentas de depósito a la vista (CCH) ,Solicitud de estados de cuenta ,'025811191187 ,'1207 ,SI ,,
Operaciones Pasivas ,"Cuenta de cheques (Con chequera, Sin chequera, con tarjeta de débito u otro medio de disposición) ",Cuentas de depósito a la vista (CCH) ,Información para la cancelación de producto o servicio ,'025811191187 ,'1217 ,SI ,,
Operaciones Pasivas ,"Cuenta de cheques (Con chequera, Sin chequera, con tarjeta de débito u otro medio de disposición) ",Cuentas de depósito a la vista (CCH) ,"Disposición de efectivo en ventanilla y/o sucursal no reconocida por el Usuario, cliente y/o socio ",'025811191187 ,'1236 ,,SI ,
Operaciones Pasivas ,"Cuenta de cheques (Con chequera, Sin chequera, con tarjeta de débito u otro medio de disposición) ",Cuentas de depósito a la vista (CCH) ,"Disposición de efectivo en cajero automático no reconocida por el Usuario, cliente y/o socio ",'025811191187 ,'1237 ,,SI ,
Operaciones Pasivas ,"Cuenta de cheques (Con chequera, Sin chequera, con tarjeta de débito u otro medio de disposición) ",Cuentas de depósito a la vista (CCH) ,Seguimiento de Aclaración (estatus de su solicitud de aclaración) ,'025811191187 ,'1245 ,SI ,,
Operaciones Pasivas ,Cuenta de nómina ,Cuentas de depósito a la vista (CN) ,Solicitud de estados de cuenta no atendida ,'025811201188 ,'0188 ,,SI ,
Operaciones Pasivas ,Cuenta de nómina ,Cuentas de depósito a la vista (CN) ,Transferencia electrónica no reconocida ,'025811201188 ,'0548 ,,SI ,
Operaciones Pasivas ,Cuenta de nómina ,Cuentas de depósito a la vista (CN) ,Cargos no reconocidos en la cuenta ,'025811201188 ,'0552 ,,SI ,SI 
Operaciones Pasivas ,Cuenta de nómina ,Cuentas de depósito a la vista (CN) ,Cancelación de portabilidad de nómina no atendida ,'025811201188 ,'0708 ,,SI ,
Operaciones Pasivas ,Cuenta de nómina ,Cuentas de depósito a la vista (CN) ,Consulta de saldos y movimientos no atendida ,'025811201188 ,'0712 ,,SI ,
Operaciones Pasivas ,Cuenta de nómina ,Cuentas de depósito a la vista (CN) ,Depósito no aplicado total o parcialmente ,'025811201188 ,'0713 ,,SI ,SI 
Operaciones Pasivas ,Cuenta de nómina ,Cuentas de depósito a la vista (CN) ,Transferencia electrónica no aplicada ,'025811201188 ,'0729 ,,SI ,SI 
Operaciones Pasivas ,Cuenta de nómina ,Cuentas de depósito a la vista (CN) ,No entrega de acuse de recepción de la aclaración ,'025811201188 ,'0770 ,,SI ,
Operaciones Pasivas ,Cuenta de nómina ,Cuentas de depósito a la vista (CN) ,Venta de seguros por teléfono ,'025811201188 ,'0834 ,,SI ,
Operaciones Pasivas ,Cuenta de nómina ,Cuentas de depósito a la vista (CN) ,Inconformidad con el cobro de comisión no reconocida o no pactada en el contrato ,'025811201188 ,'0849 ,,SI ,
Operaciones Pasivas ,Cuenta de nómina ,Cuentas de depósito a la vista (CN) ,Solicitud de entrega de recursos no atendida ,'025811201188 ,'0863 ,,SI ,
Operaciones Pasivas ,Cuenta de nómina ,Cuentas de depósito a la vista (CN) ,"Apertura de cuenta no solicitada ni autorizada por el Usuario, cliente y/o socio ",'025811201188 ,'0892 ,,SI ,
Operaciones Pasivas ,Cuenta de nómina ,Cuentas de depósito a la vista (CN) ,Bloqueo o cancelación del producto o servicio sin previo aviso ,'025811201188 ,'0895 ,,SI ,
Operaciones Pasivas ,Cuenta de nómina ,Cuentas de depósito a la vista (CN) ,Cobro no reconocido de comisiones por disposiciones de efectivo ,'025811201188 ,'0903 ,,SI ,SI 
Operaciones Pasivas ,Cuenta de nómina ,Cuentas de depósito a la vista (CN) ,Cuenta inactiva transferida a cuenta concentradora ,'025811201188 ,'0914 ,,SI ,
Operaciones Pasivas ,Cuenta de nómina ,Cuentas de depósito a la vista (CN) ,Inconformidad con el cobro de comisión no pactada por uso de terminal punto de venta ,'025811201188 ,'0951 ,,SI ,
Operaciones Pasivas ,Cuenta de nómina ,Cuentas de depósito a la vista (CN) ,Inconformidad con el cobro de comisión por anualidad ,'025811201188 ,'0952 ,,SI ,
Operaciones Pasivas ,Cuenta de nómina ,Cuentas de depósito a la vista (CN) ,Inconformidad con el cobro de comisión por cheque depositado devuelto al beneficiario ,'025811201188 ,'0954 ,,SI ,
Operaciones Pasivas ,Cuenta de nómina ,Cuentas de depósito a la vista (CN) ,Inconformidad con el cobro de comisión por portabilidad de nómina ,'025811201188 ,'0958 ,,SI ,SI 
Operaciones Pasivas ,Cuenta de nómina ,Cuentas de depósito a la vista (CN) ,"Inconformidad con el cobro de productos o servicios no contratados por el Usuario, cliente y/o socio ",'025811201188 ,'0967 ,,SI ,
Operaciones Pasivas ,Cuenta de nómina ,Cuentas de depósito a la vista (CN) ,Inconformidad con el cobro de varias comisiones por el mismo concepto/operación ,'025811201188 ,'0970 ,,SI ,SI 
Operaciones Pasivas ,Cuenta de nómina ,Cuentas de depósito a la vista (CN) ,Inconformidad con el monto en el cobro de impuestos ,'025811201188 ,'0987 ,,SI ,
Operaciones Pasivas ,Cuenta de nómina ,Cuentas de depósito a la vista (CN) ,Inconformidad con la aclaración de los términos del contrato ,'025811201188 ,'1005 ,,SI ,
Operaciones Pasivas ,Cuenta de nómina ,Cuentas de depósito a la vista (CN) ,Inconformidad con la no aceptación de pago con otro medio diferente al efectivo ,'025811201188 ,'1011 ,,SI ,
Operaciones Pasivas ,Cuenta de nómina ,Cuentas de depósito a la vista (CN) ,"Inconformidad por cargos no reconocidos en la cuenta por otras Instituciones financieras (Aseguradoras, SOFOM, etc.) ",'025811201188 ,'1021 ,,SI ,SI 
Operaciones Pasivas ,Cuenta de nómina ,Cuentas de depósito a la vista (CN) ,Incumplimiento con los términos del contrato ,'025811201188 ,'1042 ,,SI ,
Operaciones Pasivas ,Cuenta de nómina ,Cuentas de depósito a la vista (CN) ,"La Institución no puso a disposición del Usuario, cliente y/o socio el dictamen y la evidencia de su aclaración al término del plazo correspondiente (45 días naturales para operaciones en el país o 180 en el extranjero) ",'025811201188 ,'1055 ,,SI ,
Operaciones Pasivas ,Cuenta de nómina ,Cuentas de depósito a la vista (CN) ,"Modificación de comisiones sin aviso previo al Usuario, cliente y/o socio ",'025811201188 ,'1058 ,,SI ,
Operaciones Pasivas ,Cuenta de nómina ,Cuentas de depósito a la vista (CN) ,Negativa al pago de rendimientos ,'025811201188 ,'1068 ,,SI ,
Operaciones Pasivas ,Cuenta de nómina ,Cuentas de depósito a la vista (CN) ,"No envío de estados de cuenta al domicilio del Usuario, cliente y/o socio ",'025811201188 ,'1075 ,,SI ,
Operaciones Pasivas ,Cuenta de nómina ,Cuentas de depósito a la vista (CN) ,Orientación sobre el funcionamiento de productos y servicios financieros ,'025811201188 ,'1079 ,SI ,,
Operaciones Pasivas ,Cuenta de nómina ,Cuentas de depósito a la vista (CN) ,"Promociones, meses sin intereses, sorteos o premios no entregados o aplicados al Usuario, cliente y/o socio ",'025811201188 ,'1086 ,,SI ,SI 
Operaciones Pasivas ,Cuenta de nómina ,Cuentas de depósito a la vista (CN) ,Reactivación de cuenta no solicitada ,'025811201188 ,'1088 ,,SI ,
Operaciones Pasivas ,Cuenta de nómina ,Cuentas de depósito a la vista (CN) ,Solicitud de cancelación de producto o servicio no atendida y/o no aplicada ,'025811201188 ,'1101 ,,SI ,
Operaciones Pasivas ,Cuenta de nómina ,Cuentas de depósito a la vista (CN) ,Solicitud de portabilidad de nómina no atendida ,'025811201188 ,'1104 ,,SI ,
Operaciones Pasivas ,Cuenta de nómina ,Cuentas de depósito a la vista (CN) ,Solicitud para entrega de fondos a beneficiarios del titular fallecido no atendida ,'025811201188 ,'1114 ,,SI ,
Operaciones Pasivas ,Cuenta de nómina ,Cuentas de depósito a la vista (CN) ,Solicitud de estados de cuenta ,'025811201188 ,'1207 ,SI ,,
Operaciones Pasivas ,Cuenta de nómina ,Cuentas de depósito a la vista (CN) ,Información para la cancelación de producto o servicio ,'025811201188 ,'1217 ,SI ,,
Operaciones Pasivas ,Cuenta de nómina ,Cuentas de depósito a la vista (CN) ,"Disposición de efectivo en ventanilla y/o sucursal no reconocida por el Usuario, cliente y/o socio ",'025811201188 ,'1236 ,,SI ,
Operaciones Pasivas ,Cuenta de nómina ,Cuentas de depósito a la vista (CN) ,"Disposición de efectivo en cajero automático no reconocida por el Usuario, cliente y/o socio ",'025811201188 ,'1237 ,,SI ,
Operaciones Pasivas ,Información sobre productos y servicios financieros ,Información sobre productos y servicios financieros ,Orientación sobre el funcionamiento de productos y servicios financieros ,'025811211189 ,'1079 ,SI ,,
Operaciones Pasivas ,Retirables en días preestablecidos ,Cuentas de inversión (RP) ,Inconformidad con la alteración de pagarés (en importe) ,'025811221190 ,'0002 ,,SI ,SI 
Operaciones Pasivas ,Retirables en días preestablecidos ,Cuentas de inversión (RP) ,Instrucción no acatada ,'025811221190 ,'0167 ,,SI ,SI 
Operaciones Pasivas ,Retirables en días preestablecidos ,Cuentas de inversión (RP) ,Solicitud de estados de cuenta no atendida ,'025811221190 ,'0188 ,,SI ,
Operaciones Pasivas ,Retirables en días preestablecidos ,Cuentas de inversión (RP) ,Transferencia electrónica no reconocida ,'025811221190 ,'0548 ,,SI ,
Operaciones Pasivas ,Retirables en días preestablecidos ,Cuentas de inversión (RP) ,Cargos no reconocidos en la cuenta ,'025811221190 ,'0552 ,,SI ,SI 
Operaciones Pasivas ,Retirables en días preestablecidos ,Cuentas de inversión (RP) ,Consulta de saldos y movimientos no atendida ,'025811221190 ,'0712 ,,SI ,
Operaciones Pasivas ,Retirables en días preestablecidos ,Cuentas de inversión (RP) ,Depósito no aplicado total o parcialmente ,'025811221190 ,'0713 ,,SI ,SI 
Operaciones Pasivas ,Retirables en días preestablecidos ,Cuentas de inversión (RP) ,Renovación de inversión solicitada y no realizada ,'025811221190 ,'0723 ,,SI ,
Operaciones Pasivas ,Retirables en días preestablecidos ,Cuentas de inversión (RP) ,Renovación de inversión realizada sin autorización ,'025811221190 ,'0724 ,,SI ,
Operaciones Pasivas ,Retirables en días preestablecidos ,Cuentas de inversión (RP) ,Solicitud de devolución de recursos invertidos no entregados a su vencimiento ,'025811221190 ,'0727 ,,SI ,
Operaciones Pasivas ,Retirables en días preestablecidos ,Cuentas de inversión (RP) ,Transferencia electrónica no aplicada ,'025811221190 ,'0729 ,,SI ,SI 
Operaciones Pasivas ,Retirables en días preestablecidos ,Cuentas de inversión (RP) ,No entrega de acuse de recepción de la aclaración ,'025811221190 ,'0770 ,,SI ,
Operaciones Pasivas ,Retirables en días preestablecidos ,Cuentas de inversión (RP) ,Inconformidad con el cobro de comisión no reconocida o no pactada en el contrato ,'025811221190 ,'0849 ,,SI ,
Operaciones Pasivas ,Retirables en días preestablecidos ,Cuentas de inversión (RP) ,Solicitud de entrega de recursos no atendida ,'025811221190 ,'0863 ,,SI ,
Operaciones Pasivas ,Retirables en días preestablecidos ,Cuentas de inversión (RP) ,"Apertura de cuenta no solicitada ni autorizada por el Usuario, cliente y/o socio ",'025811221190 ,'0892 ,,SI ,
Operaciones Pasivas ,Retirables en días preestablecidos ,Cuentas de inversión (RP) ,Bloqueo o cancelación del producto o servicio sin previo aviso ,'025811221190 ,'0895 ,,SI ,
Operaciones Pasivas ,Retirables en días preestablecidos ,Cuentas de inversión (RP) ,Cuenta inactiva transferida a cuenta concentradora ,'025811221190 ,'0914 ,,SI ,
Operaciones Pasivas ,Retirables en días preestablecidos ,Cuentas de inversión (RP) ,"Inconformidad con el cobro de productos o servicios no contratados por el Usuario, cliente y/o socio ",'025811221190 ,'0967 ,,SI ,
Operaciones Pasivas ,Retirables en días preestablecidos ,Cuentas de inversión (RP) ,Inconformidad con el cobro de varias comisiones por el mismo concepto/operación ,'025811221190 ,'0970 ,,SI ,SI 
Operaciones Pasivas ,Retirables en días preestablecidos ,Cuentas de inversión (RP) ,Inconformidad con el monto de los rendimientos pagados ,'025811221190 ,'0981 ,,SI ,SI 
Operaciones Pasivas ,Retirables en días preestablecidos ,Cuentas de inversión (RP) ,Inconformidad con el monto en el cobro de impuestos ,'025811221190 ,'0987 ,,SI ,
Operaciones Pasivas ,Retirables en días preestablecidos ,Cuentas de inversión (RP) ,Inconformidad con la aclaración de los términos del contrato ,'025811221190 ,'1005 ,,SI ,
Operaciones Pasivas ,Retirables en días preestablecidos ,Cuentas de inversión (RP) ,Inconformidad con la no aceptación de pago con otro medio diferente al efectivo ,'025811221190 ,'1011 ,,SI ,
Operaciones Pasivas ,Retirables en días preestablecidos ,Cuentas de inversión (RP) ,Incumplimiento con los términos del contrato ,'025811221190 ,'1042 ,,SI ,
Operaciones Pasivas ,Retirables en días preestablecidos ,Cuentas de inversión (RP) ,"Modificación de comisiones sin aviso previo al Usuario, cliente y/o socio ",'025811221190 ,'1058 ,,SI ,
Operaciones Pasivas ,Retirables en días preestablecidos ,Cuentas de inversión (RP) ,Negativa al pago de rendimientos ,'025811221190 ,'1068 ,,SI ,
Operaciones Pasivas ,Retirables en días preestablecidos ,Cuentas de inversión (RP) ,"No envío de estados de cuenta al domicilio del Usuario, cliente y/o socio ",'025811221190 ,'1075 ,,SI ,
Operaciones Pasivas ,Retirables en días preestablecidos ,Cuentas de inversión (RP) ,Orientación sobre el funcionamiento de productos y servicios financieros ,'025811221190 ,'1079 ,SI ,,
Operaciones Pasivas ,Retirables en días preestablecidos ,Cuentas de inversión (RP) ,Solicitud de cancelación de producto o servicio no atendida y/o no aplicada ,'025811221190 ,'1101 ,,SI ,
Operaciones Pasivas ,Retirables en días preestablecidos ,Cuentas de inversión (RP) ,Solicitud para entrega de fondos a beneficiarios del titular fallecido no atendida ,'025811221190 ,'1114 ,,SI ,
Operaciones Pasivas ,Retirables en días preestablecidos ,Cuentas de inversión (RP) ,Solicitud de estados de cuenta ,'025811221190 ,'1207 ,SI ,,
Operaciones Pasivas ,Retirables en días preestablecidos ,Cuentas de inversión (RP) ,Información para la cancelación de producto o servicio ,'025811221190 ,'1217 ,SI ,,
Operaciones Pasivas ,Retirables en días preestablecidos ,Cuentas de inversión (RP) ,"Disposición de efectivo en ventanilla y/o sucursal no reconocida por el Usuario, cliente y/o socio ",'025811221190 ,'1236 ,,SI ,
Operaciones Pasivas ,Tarjeta de débito ,Cuentas de depósito a la vista (TD) ,Incumplimiento en la entrega de documentos ,'025811231191 ,'0162 ,,SI ,
Operaciones Pasivas ,Tarjeta de débito ,Cuentas de depósito a la vista (TD) ,Solicitud de estados de cuenta no atendida ,'025811231191 ,'0188 ,,SI ,
Operaciones Pasivas ,Tarjeta de débito ,Cuentas de depósito a la vista (TD) ,Devolución en comercio no aplicada ,'025811231191 ,'0519 ,,SI ,SI 
Operaciones Pasivas ,Tarjeta de débito ,Cuentas de depósito a la vista (TD) ,Transferencia electrónica no reconocida ,'025811231191 ,'0548 ,,SI ,
Operaciones Pasivas ,Tarjeta de débito ,Cuentas de depósito a la vista (TD) ,Cargos no reconocidos en la cuenta ,'025811231191 ,'0552 ,,SI ,SI 
Operaciones Pasivas ,Tarjeta de débito ,Cuentas de depósito a la vista (TD) ,Consumos no reconocidos ,'025811231191 ,'0557 ,,SI ,
Operaciones Pasivas ,Tarjeta de débito ,Cuentas de depósito a la vista (TD) ,Consumos vía internet no reconocidos ,'025811231191 ,'0559 ,,SI ,
Operaciones Pasivas ,Tarjeta de débito ,Cuentas de depósito a la vista (TD) ,Consulta de saldos y movimientos no atendida ,'025811231191 ,'0712 ,,SI ,
Operaciones Pasivas ,Tarjeta de débito ,Cuentas de depósito a la vista (TD) ,Depósito no aplicado total o parcialmente ,'025811231191 ,'0713 ,,SI ,SI 
Operaciones Pasivas ,Tarjeta de débito ,Cuentas de depósito a la vista (TD) ,Transferencia electrónica no aplicada ,'025811231191 ,'0729 ,,SI ,SI 
Operaciones Pasivas ,Tarjeta de débito ,Cuentas de depósito a la vista (TD) ,Inconformidad por cargo duplicado ,'025811231191 ,'0769 ,,SI ,SI 
Operaciones Pasivas ,Tarjeta de débito ,Cuentas de depósito a la vista (TD) ,No entrega de acuse de recepción de la aclaración ,'025811231191 ,'0770 ,,SI ,
Operaciones Pasivas ,Tarjeta de débito ,Cuentas de depósito a la vista (TD) ,Inconformidad con el cobro de comisión no reconocida o no pactada en el contrato ,'025811231191 ,'0849 ,,SI ,
Operaciones Pasivas ,Tarjeta de débito ,Cuentas de depósito a la vista (TD) ,Solicitud de entrega de recursos no atendida ,'025811231191 ,'0863 ,,SI ,
Operaciones Pasivas ,Tarjeta de débito ,Cuentas de depósito a la vista (TD) ,"Apertura de cuenta no solicitada ni autorizada por el Usuario, cliente y/o socio ",'025811231191 ,'0892 ,,SI ,
Operaciones Pasivas ,Tarjeta de débito ,Cuentas de depósito a la vista (TD) ,Bloqueo o cancelación del producto o servicio sin previo aviso ,'025811231191 ,'0895 ,,SI ,
Operaciones Pasivas ,Tarjeta de débito ,Cuentas de depósito a la vista (TD) ,Cobro no reconocido de comisiones por disposiciones de efectivo ,'025811231191 ,'0903 ,,SI ,SI 
Operaciones Pasivas ,Tarjeta de débito ,Cuentas de depósito a la vista (TD) ,Inconformidad con el cobro de comisión por anualidad ,'025811231191 ,'0952 ,,SI ,
Operaciones Pasivas ,Tarjeta de débito ,Cuentas de depósito a la vista (TD) ,"Inconformidad con el cobro de comisión por reposición de plástico por causas no imputables al Usuario, cliente y/o socio ",'025811231191 ,'0959 ,,SI ,SI 
Operaciones Pasivas ,Tarjeta de débito ,Cuentas de depósito a la vista (TD) ,"Inconformidad con el cobro de productos o servicios no contratados por el Usuario, cliente y/o socio ",'025811231191 ,'0967 ,,SI ,
Operaciones Pasivas ,Tarjeta de débito ,Cuentas de depósito a la vista (TD) ,Inconformidad con el cobro de varias comisiones por el mismo concepto/operación ,'025811231191 ,'0970 ,,SI ,SI 
Operaciones Pasivas ,Tarjeta de débito ,Cuentas de depósito a la vista (TD) ,Inconformidad con el monto de los rendimientos pagados ,'025811231191 ,'0981 ,,SI ,SI 
Operaciones Pasivas ,Tarjeta de débito ,Cuentas de depósito a la vista (TD) ,Inconformidad con el monto en el cobro de impuestos ,'025811231191 ,'0987 ,,SI ,
Operaciones Pasivas ,Tarjeta de débito ,Cuentas de depósito a la vista (TD) ,Inconformidad con la aclaración de los términos del contrato ,'025811231191 ,'1005 ,,SI ,
Operaciones Pasivas ,Tarjeta de débito ,Cuentas de depósito a la vista (TD) ,Inconformidad con la no aceptación de depósito con otro medio diferente al efectivo ,'025811231191 ,'1010 ,,SI ,
Operaciones Pasivas ,Tarjeta de débito ,Cuentas de depósito a la vista (TD) ,"Inconformidad por cargos no reconocidos en la cuenta por otras Instituciones financieras (Aseguradoras, SOFOM, etc.) ",'025811231191 ,'1021 ,,SI ,SI 
Operaciones Pasivas ,Tarjeta de débito ,Cuentas de depósito a la vista (TD) ,Incumplimiento con los términos del contrato ,'025811231191 ,'1042 ,,SI ,
Operaciones Pasivas ,Tarjeta de débito ,Cuentas de depósito a la vista (TD) ,No recepción de NIP ,'025811231191 ,'1072 ,,SI ,
Operaciones Pasivas ,Tarjeta de débito ,Cuentas de depósito a la vista (TD) ,No recepción de plástico en el tiempo estipulado ,'025811231191 ,'1073 ,,SI ,
Operaciones Pasivas ,Tarjeta de débito ,Cuentas de depósito a la vista (TD) ,"No envío de estados de cuenta al domicilio del Usuario, cliente y/o socio ",'025811231191 ,'1075 ,,SI ,
Operaciones Pasivas ,Tarjeta de débito ,Cuentas de depósito a la vista (TD) ,Orientación sobre el funcionamiento de productos y servicios financieros ,'025811231191 ,'1079 ,SI ,,
Operaciones Pasivas ,Tarjeta de débito ,Cuentas de depósito a la vista (TD) ,"Promociones, meses sin intereses, sorteos o premios no entregados o aplicados al Usuario, cliente y/o socio ",'025811231191 ,'1086 ,,SI ,SI 
Operaciones Pasivas ,Tarjeta de débito ,Cuentas de depósito a la vista (TD) ,Reposición de plástico no atendida ,'025811231191 ,'1091 ,,SI ,
Operaciones Pasivas ,Tarjeta de débito ,Cuentas de depósito a la vista (TD) ,Solicitud de cancelación de producto o servicio no atendida y/o no aplicada ,'025811231191 ,'1101 ,,SI ,
Operaciones Pasivas ,Tarjeta de débito ,Cuentas de depósito a la vista (TD) ,Solicitud para entrega de fondos a beneficiarios del titular fallecido no atendida ,'025811231191 ,'1114 ,,SI ,
Operaciones Pasivas ,Tarjeta de débito ,Cuentas de depósito a la vista (TD) ,Cargos no reconocidos a través de la utilización del NIP en Terminal Punto de Venta ,'025811231191 ,'1201 ,,SI ,SI 
Operaciones Pasivas ,Tarjeta de débito ,Cuentas de depósito a la vista (TD) ,Solicitud de estados de cuenta ,'025811231191 ,'1207 ,SI ,,
Operaciones Pasivas ,Tarjeta de débito ,Cuentas de depósito a la vista (TD) ,Información para la cancelación de producto o servicio ,'025811231191 ,'1217 ,SI ,,
Operaciones Pasivas ,Tarjeta de débito ,Cuentas de depósito a la vista (TD) ,Información para la recepción del NIP ,'025811231191 ,'1224 ,SI ,,
Operaciones Pasivas ,Tarjeta de débito ,Cuentas de depósito a la vista (TD) ,"Disposición de efectivo en ventanilla y/o sucursal no reconocida por el Usuario, cliente y/o socio ",'025811231191 ,'1236 ,,SI ,
Operaciones Pasivas ,Tarjeta de débito ,Cuentas de depósito a la vista (TD) ,"Disposición de efectivo en cajero automático no reconocida por el Usuario, cliente y/o socio ",'025811231191 ,'1237 ,,SI ,
Operaciones Pasivas ,Tarjeta de débito ,Cuentas de depósito a la vista (TD) ,Seguimiento de Aclaración (estatus de su solicitud de aclaración) ,'025811231191 ,'1245 ,SI ,,
Operaciones Pasivas ,Tarjeta recargable ,Cuentas de depósito a la vista (TR) ,Solicitud de estados de cuenta no atendida ,'025811241192 ,'0188 ,,SI ,
Operaciones Pasivas ,Tarjeta recargable ,Cuentas de depósito a la vista (TR) ,Devolución en comercio no aplicada ,'025811241192 ,'0519 ,,SI ,SI 
Operaciones Pasivas ,Tarjeta recargable ,Cuentas de depósito a la vista (TR) ,Transferencia electrónica no reconocida ,'025811241192 ,'0548 ,,SI ,
Operaciones Pasivas ,Tarjeta recargable ,Cuentas de depósito a la vista (TR) ,Cargos no reconocidos en la cuenta ,'025811241192 ,'0552 ,,SI ,SI 
Operaciones Pasivas ,Tarjeta recargable ,Cuentas de depósito a la vista (TR) ,Consumos no reconocidos ,'025811241192 ,'0557 ,,SI ,
Operaciones Pasivas ,Tarjeta recargable ,Cuentas de depósito a la vista (TR) ,Consumos vía internet no reconocidos ,'025811241192 ,'0559 ,,SI ,
Operaciones Pasivas ,Tarjeta recargable ,Cuentas de depósito a la vista (TR) ,Consulta de saldos y movimientos no atendida ,'025811241192 ,'0712 ,,SI ,
Operaciones Pasivas ,Tarjeta recargable ,Cuentas de depósito a la vista (TR) ,Depósito no aplicado total o parcialmente ,'025811241192 ,'0713 ,,SI ,SI 
Operaciones Pasivas ,Tarjeta recargable ,Cuentas de depósito a la vista (TR) ,Transferencia electrónica no aplicada ,'025811241192 ,'0729 ,,SI ,SI 
Operaciones Pasivas ,Tarjeta recargable ,Cuentas de depósito a la vista (TR) ,No entrega de acuse de recepción de la aclaración ,'025811241192 ,'0770 ,,SI ,
Operaciones Pasivas ,Tarjeta recargable ,Cuentas de depósito a la vista (TR) ,Inconformidad con el cobro de comisión no reconocida o no pactada en el contrato ,'025811241192 ,'0849 ,,SI ,
Operaciones Pasivas ,Tarjeta recargable ,Cuentas de depósito a la vista (TR) ,Solicitud de entrega de recursos no atendida ,'025811241192 ,'0863 ,,SI ,
Operaciones Pasivas ,Tarjeta recargable ,Cuentas de depósito a la vista (TR) ,"Apertura de cuenta no solicitada ni autorizada por el Usuario, cliente y/o socio ",'025811241192 ,'0892 ,,SI ,
Operaciones Pasivas ,Tarjeta recargable ,Cuentas de depósito a la vista (TR) ,Bloqueo o cancelación del producto o servicio sin previo aviso ,'025811241192 ,'0895 ,,SI ,
Operaciones Pasivas ,Tarjeta recargable ,Cuentas de depósito a la vista (TR) ,Cobro no reconocido de comisiones por disposiciones de efectivo ,'025811241192 ,'0903 ,,SI ,SI 
Operaciones Pasivas ,Tarjeta recargable ,Cuentas de depósito a la vista (TR) ,Inconformidad con el cobro de comisión por anualidad ,'025811241192 ,'0952 ,,SI ,
Operaciones Pasivas ,Tarjeta recargable ,Cuentas de depósito a la vista (TR) ,"Inconformidad con el cobro de comisión por reposición de plástico por causas no imputables al Usuario, cliente y/o socio ",'025811241192 ,'0959 ,,SI ,SI 
Operaciones Pasivas ,Tarjeta recargable ,Cuentas de depósito a la vista (TR) ,"Inconformidad con el cobro de productos o servicios no contratados por el Usuario, cliente y/o socio ",'025811241192 ,'0967 ,,SI ,
Operaciones Pasivas ,Tarjeta recargable ,Cuentas de depósito a la vista (TR) ,Inconformidad con el cobro de varias comisiones por el mismo concepto/operación ,'025811241192 ,'0970 ,,SI ,SI 
Operaciones Pasivas ,Tarjeta recargable ,Cuentas de depósito a la vista (TR) ,Inconformidad con el monto de los rendimientos pagados ,'025811241192 ,'0981 ,,SI ,SI 
Operaciones Pasivas ,Tarjeta recargable ,Cuentas de depósito a la vista (TR) ,Inconformidad con el monto en el cobro de impuestos ,'025811241192 ,'0987 ,,SI ,
Operaciones Pasivas ,Tarjeta recargable ,Cuentas de depósito a la vista (TR) ,Inconformidad con la aclaración de los términos del contrato ,'025811241192 ,'1005 ,,SI ,
Operaciones Pasivas ,Tarjeta recargable ,Cuentas de depósito a la vista (TR) ,Inconformidad con la no aceptación de depósito con otro medio diferente al efectivo ,'025811241192 ,'1010 ,,SI ,
Operaciones Pasivas ,Tarjeta recargable ,Cuentas de depósito a la vista (TR) ,"Inconformidad por cargos no reconocidos en la cuenta por otras Instituciones financieras (Aseguradoras, SOFOM, etc.) ",'025811241192 ,'1021 ,,SI ,SI 
Operaciones Pasivas ,Tarjeta recargable ,Cuentas de depósito a la vista (TR) ,Incumplimiento con los términos del contrato ,'025811241192 ,'1042 ,,SI ,
Operaciones Pasivas ,Tarjeta recargable ,Cuentas de depósito a la vista (TR) ,No recepción de NIP ,'025811241192 ,'1072 ,,SI ,
Operaciones Pasivas ,Tarjeta recargable ,Cuentas de depósito a la vista (TR) ,No recepción de plástico en el tiempo estipulado ,'025811241192 ,'1073 ,,SI ,
Operaciones Pasivas ,Tarjeta recargable ,Cuentas de depósito a la vista (TR) ,"No envío de estados de cuenta al domicilio del Usuario, cliente y/o socio ",'025811241192 ,'1075 ,,SI ,
Operaciones Pasivas ,Tarjeta recargable ,Cuentas de depósito a la vista (TR) ,Orientación sobre el funcionamiento de productos y servicios financieros ,'025811241192 ,'1079 ,SI ,,
Operaciones Pasivas ,Tarjeta recargable ,Cuentas de depósito a la vista (TR) ,"Promociones, meses sin intereses, sorteos o premios no entregados o aplicados al Usuario, cliente y/o socio ",'025811241192 ,'1086 ,,SI ,SI 
Operaciones Pasivas ,Tarjeta recargable ,Cuentas de depósito a la vista (TR) ,Reposición de plástico no atendida ,'025811241192 ,'1091 ,,SI ,
Operaciones Pasivas ,Tarjeta recargable ,Cuentas de depósito a la vista (TR) ,Solicitud de cancelación de producto o servicio no atendida y/o no aplicada ,'025811241192 ,'1101 ,,SI ,
Operaciones Pasivas ,Tarjeta recargable ,Cuentas de depósito a la vista (TR) ,Solicitud para entrega de fondos a beneficiarios del titular fallecido no atendida ,'025811241192 ,'1114 ,,SI ,
Operaciones Pasivas ,Tarjeta recargable ,Cuentas de depósito a la vista (TR) ,Solicitud de estados de cuenta ,'025811241192 ,'1207 ,SI ,,
Operaciones Pasivas ,Tarjeta recargable ,Cuentas de depósito a la vista (TR) ,Información para la cancelación de producto o servicio ,'025811241192 ,'1217 ,SI ,,
Operaciones Pasivas ,Tarjeta recargable ,Cuentas de depósito a la vista (TR) ,Información para la recepción del NIP ,'025811241192 ,'1224 ,SI ,,
Operaciones Pasivas ,Tarjeta recargable ,Cuentas de depósito a la vista (TR) ,"Disposición de efectivo en ventanilla y/o sucursal no reconocida por el Usuario, cliente y/o socio ",'025811241192 ,'1236 ,,SI ,
Operaciones Pasivas ,Tarjeta recargable ,Cuentas de depósito a la vista (TR) ,"Disposición de efectivo en cajero automático no reconocida por el Usuario, cliente y/o socio ",'025811241192 ,'1237 ,,SI ,
Operaciones Pasivas ,Valores e instrumentos de inversión (PRLV) ,Cuentas de inversión (VII) ,Inconformidad con la alteración de pagarés (en importe) ,'025811251193 ,'0002 ,,SI ,SI 
Operaciones Pasivas ,Valores e instrumentos de inversión (PRLV) ,Cuentas de inversión (VII) ,Incumplimiento en la entrega de documentos ,'025811251193 ,'0162 ,,SI ,
Operaciones Pasivas ,Valores e instrumentos de inversión (PRLV) ,Cuentas de inversión (VII) ,Instrucción no acatada ,'025811251193 ,'0167 ,,SI ,SI 
Operaciones Pasivas ,Valores e instrumentos de inversión (PRLV) ,Cuentas de inversión (VII) ,Solicitud de estados de cuenta no atendida ,'025811251193 ,'0188 ,,SI ,
Operaciones Pasivas ,Valores e instrumentos de inversión (PRLV) ,Cuentas de inversión (VII) ,Cargos no reconocidos en la cuenta ,'025811251193 ,'0552 ,,SI ,SI 
Operaciones Pasivas ,Valores e instrumentos de inversión (PRLV) ,Cuentas de inversión (VII) ,Consumos no reconocidos ,'025811251193 ,'0557 ,,SI ,
Operaciones Pasivas ,Valores e instrumentos de inversión (PRLV) ,Cuentas de inversión (VII) ,Consulta de saldos y movimientos no atendida ,'025811251193 ,'0712 ,,SI ,
Operaciones Pasivas ,Valores e instrumentos de inversión (PRLV) ,Cuentas de inversión (VII) ,Depósito no aplicado total o parcialmente ,'025811251193 ,'0713 ,,SI ,SI 
Operaciones Pasivas ,Valores e instrumentos de inversión (PRLV) ,Cuentas de inversión (VII) ,Renovación de inversión solicitada y no realizada ,'025811251193 ,'0723 ,,SI ,
Operaciones Pasivas ,Valores e instrumentos de inversión (PRLV) ,Cuentas de inversión (VII) ,Renovación de inversión realizada sin autorización ,'025811251193 ,'0724 ,,SI ,
Operaciones Pasivas ,Valores e instrumentos de inversión (PRLV) ,Cuentas de inversión (VII) ,Solicitud de devolución de recursos invertidos no entregados a su vencimiento ,'025811251193 ,'0727 ,,SI ,
Operaciones Pasivas ,Valores e instrumentos de inversión (PRLV) ,Cuentas de inversión (VII) ,No entrega de acuse de recepción de la aclaración ,'025811251193 ,'0770 ,,SI ,
Operaciones Pasivas ,Valores e instrumentos de inversión (PRLV) ,Cuentas de inversión (VII) ,Inconformidad con el cobro de comisión no reconocida o no pactada en el contrato ,'025811251193 ,'0849 ,,SI ,
Operaciones Pasivas ,Valores e instrumentos de inversión (PRLV) ,Cuentas de inversión (VII) ,Solicitud de entrega de recursos no atendida ,'025811251193 ,'0863 ,,SI ,
Operaciones Pasivas ,Valores e instrumentos de inversión (PRLV) ,Cuentas de inversión (VII) ,"Apertura de cuenta no solicitada ni autorizada por el Usuario, cliente y/o socio ",'025811251193 ,'0892 ,,SI ,
Operaciones Pasivas ,Valores e instrumentos de inversión (PRLV) ,Cuentas de inversión (VII) ,Bloqueo o cancelación del producto o servicio sin previo aviso ,'025811251193 ,'0895 ,,SI ,
Operaciones Pasivas ,Valores e instrumentos de inversión (PRLV) ,Cuentas de inversión (VII) ,Cuenta inactiva transferida a cuenta concentradora ,'025811251193 ,'0914 ,,SI ,
Operaciones Pasivas ,Valores e instrumentos de inversión (PRLV) ,Cuentas de inversión (VII) ,Inconformidad con el cobro de comisión por manejo de cuenta ,'025811251193 ,'0957 ,,SI ,SI 
Operaciones Pasivas ,Valores e instrumentos de inversión (PRLV) ,Cuentas de inversión (VII) ,"Inconformidad con el cobro de productos o servicios no contratados por el Usuario, cliente y/o socio ",'025811251193 ,'0967 ,,SI ,
Operaciones Pasivas ,Valores e instrumentos de inversión (PRLV) ,Cuentas de inversión (VII) ,Inconformidad con el cobro de varias comisiones por el mismo concepto/operación ,'025811251193 ,'0970 ,,SI ,SI 
Operaciones Pasivas ,Valores e instrumentos de inversión (PRLV) ,Cuentas de inversión (VII) ,Inconformidad con el monto de los rendimientos pagados ,'025811251193 ,'0981 ,,SI ,SI 
Operaciones Pasivas ,Valores e instrumentos de inversión (PRLV) ,Cuentas de inversión (VII) ,Inconformidad con el monto en el cobro de impuestos ,'025811251193 ,'0987 ,,SI ,
Operaciones Pasivas ,Valores e instrumentos de inversión (PRLV) ,Cuentas de inversión (VII) ,Inconformidad con la aclaración de los términos del contrato ,'025811251193 ,'1005 ,,SI ,
Operaciones Pasivas ,Valores e instrumentos de inversión (PRLV) ,Cuentas de inversión (VII) ,Inconformidad con la no aceptación de depósito con otro medio diferente al efectivo ,'025811251193 ,'1010 ,,SI ,
Operaciones Pasivas ,Valores e instrumentos de inversión (PRLV) ,Cuentas de inversión (VII) ,Incumplimiento con los términos del contrato ,'025811251193 ,'1042 ,,SI ,
Operaciones Pasivas ,Valores e instrumentos de inversión (PRLV) ,Cuentas de inversión (VII) ,"Modificación de comisiones sin aviso previo al Usuario, cliente y/o socio ",'025811251193 ,'1058 ,,SI ,
Operaciones Pasivas ,Valores e instrumentos de inversión (PRLV) ,Cuentas de inversión (VII) ,Negativa al pago de rendimientos ,'025811251193 ,'1068 ,,SI ,
Operaciones Pasivas ,Valores e instrumentos de inversión (PRLV) ,Cuentas de inversión (VII) ,"No envío de estados de cuenta al domicilio del Usuario, cliente y/o socio ",'025811251193 ,'1075 ,,SI ,
Operaciones Pasivas ,Valores e instrumentos de inversión (PRLV) ,Cuentas de inversión (VII) ,Orientación sobre el funcionamiento de productos y servicios financieros ,'025811251193 ,'1079 ,SI ,,
Operaciones Pasivas ,Valores e instrumentos de inversión (PRLV) ,Cuentas de inversión (VII) ,"Promociones, meses sin intereses, sorteos o premios no entregados o aplicados al Usuario, cliente y/o socio ",'025811251193 ,'1086 ,,SI ,SI 
Operaciones Pasivas ,Valores e instrumentos de inversión (PRLV) ,Cuentas de inversión (VII) ,Solicitud de cancelación de producto o servicio no atendida y/o no aplicada ,'025811251193 ,'1101 ,,SI ,
Operaciones Pasivas ,Valores e instrumentos de inversión (PRLV) ,Cuentas de inversión (VII) ,Solicitud para entrega de fondos a beneficiarios del titular fallecido no atendida ,'025811251193 ,'1114 ,,SI ,
Operaciones Pasivas ,Valores e instrumentos de inversión (PRLV) ,Cuentas de inversión (VII) ,Información para la cancelación de producto o servicio ,'025811251193 ,'1217 ,SI ,,
Operaciones Pasivas ,Valores e instrumentos de inversión (PRLV) ,Cuentas de inversión (VII) ,"Disposición de efectivo en ventanilla y/o sucursal no reconocida por el Usuario, cliente y/o socio ",'025811251193 ,'1236 ,,SI ,
Operaciones Pasivas ,Valores e instrumentos de inversión (PRLV) ,Cuentas de inversión (VII) ,"Disposición de efectivo en cajero automático no reconocida por el Usuario, cliente y/o socio ",'025811251193 ,'1237 ,,SI ,
Operaciones de Servicios ,Cajas de seguridad ,Servicio tradicional (CS) ,Incumplimiento en la entrega de documentos ,'025911261194 ,'0162 ,,SI ,
Operaciones de Servicios ,Cajas de seguridad ,Servicio tradicional (CS) ,Inconformidad con el cobro de las rentas establecidas ,'025911261194 ,'0523 ,,SI ,SI 
Operaciones de Servicios ,Cajas de seguridad ,Servicio tradicional (CS) ,Apertura de caja sin autorización ,'025911261194 ,'0866 ,,SI ,
Operaciones de Servicios ,Cajas de seguridad ,Servicio tradicional (CS) ,Inconformidad con el contenido de la caja de seguridad ,'025911261194 ,'0868 ,,SI ,
Operaciones de Servicios ,Cajas de seguridad ,Servicio tradicional (CS) ,Bloqueo o cancelación del producto o servicio sin previo aviso ,'025911261194 ,'0895 ,,SI ,
Operaciones de Servicios ,Cajas de seguridad ,Servicio tradicional (CS) ,Inconformidad con el cobro de cuota mayor a la contratada por caja de seguridad ,'025911261194 ,'0964 ,,SI ,
Operaciones de Servicios ,Cajas de seguridad ,Servicio tradicional (CS) ,Inconformidad con el cobro de los gastos financieros y/o accesorios establecidos ,'025911261194 ,'0965 ,,SI ,
Operaciones de Servicios ,Cajas de seguridad ,Servicio tradicional (CS) ,Incumplimiento con los términos del contrato ,'025911261194 ,'1042 ,,SI ,
Operaciones de Servicios ,Cajas de seguridad ,Servicio tradicional (CS) ,Orientación sobre el funcionamiento de productos y servicios financieros ,'025911261194 ,'1079 ,SI ,,
Operaciones de Servicios ,Cajas de seguridad ,Servicio tradicional (CS) ,Solicitud de cancelación de producto o servicio no atendida y/o no aplicada ,'025911261194 ,'1101 ,,SI ,
Operaciones de Servicios ,Cajas de seguridad ,Servicio tradicional (CS) ,Información para la cancelación de producto o servicio ,'025911261194 ,'1217 ,SI ,,
Operaciones de Servicios ,Cajas de seguridad ,Servicio tradicional (CS) ,Inconformidad con la atención proporcionada por el personal de la Institución ,'025911261194 ,'1227 ,,SI ,
Operaciones de Servicios ,Cajero automático ,Servicio tradicional (CA) ,Entrega de billete falso y/o mutilado ,'025911271195 ,'0585 ,,SI ,
Operaciones de Servicios ,Cajero automático ,Servicio tradicional (CA) ,Traspaso solicitado y no aplicado a cuenta destino ,'025911271195 ,'0588 ,,SI ,
Operaciones de Servicios ,Cajero automático ,Servicio tradicional (CA) ,El cajero automático no muestra la comisión a cobrar ,'025911271195 ,'0768 ,,SI ,
Operaciones de Servicios ,Cajero automático ,Servicio tradicional (CA) ,No entrega de acuse de recepción de la aclaración ,'025911271195 ,'0770 ,,SI ,
Operaciones de Servicios ,Cajero automático ,Servicio tradicional (CA) ,Plástico retenido en cajero automático ,'025911271195 ,'0774 ,,SI ,
Operaciones de Servicios ,Cajero automático ,Servicio tradicional (CA) ,Inconformidad con el cobro de comisión no reconocida o no pactada en el contrato ,'025911271195 ,'0849 ,,SI ,
Operaciones de Servicios ,Cajero automático ,Servicio tradicional (CA) ,El cajero automático no entrega la cantidad solicitada ,'025911271195 ,'0936 ,,SI ,SI 
Operaciones de Servicios ,Cajero automático ,Servicio tradicional (CA) ,"Modificación de comisiones sin aviso previo al Usuario, cliente y/o socio ",'025911271195 ,'1058 ,,SI ,
Operaciones de Servicios ,Cajero automático ,Servicio tradicional (CA) ,Orientación sobre el funcionamiento de productos y servicios financieros ,'025911271195 ,'1079 ,SI ,,
Operaciones de Servicios ,Cajero automático ,Servicio tradicional (CA) ,"Disposición de efectivo en cajero automático no reconocida por el Usuario, cliente y/o socio ",'025911271195 ,'1237 ,,SI ,
Operaciones de Servicios ,Domiciliación ,Servicio tradicional (D) ,Reverso de pago no atendido ,'025911281196 ,'0466 ,,SI ,
Operaciones de Servicios ,Domiciliación ,Servicio tradicional (D) ,Inconformidad por cargo duplicado ,'025911281196 ,'0769 ,,SI ,SI 
Operaciones de Servicios ,Domiciliación ,Servicio tradicional (D) ,No entrega de acuse de recepción de la aclaración ,'025911281196 ,'0770 ,,SI ,
Operaciones de Servicios ,Domiciliación ,Servicio tradicional (D) ,Solicitud de domiciliación no atendida ,'025911281196 ,'0830 ,,SI ,
Operaciones de Servicios ,Domiciliación ,Servicio tradicional (D) ,Inconformidad con el cobro de comisión no reconocida o no pactada en el contrato ,'025911281196 ,'0849 ,,SI ,
Operaciones de Servicios ,Domiciliación ,Servicio tradicional (D) ,Domiciliación realizada en fecha distinta a la establecida ,'025911281196 ,'0867 ,SI ,,
Operaciones de Servicios ,Domiciliación ,Servicio tradicional (D) ,Bloqueo o cancelación del producto o servicio sin previo aviso ,'025911281196 ,'0895 ,,SI ,
Operaciones de Servicios ,Domiciliación ,Servicio tradicional (D) ,Inconformidad por domiciliación no contratada ,'025911281196 ,'1022 ,,SI ,
Operaciones de Servicios ,Domiciliación ,Servicio tradicional (D) ,Orientación sobre el funcionamiento de productos y servicios financieros ,'025911281196 ,'1079 ,SI ,,
Operaciones de Servicios ,Domiciliación ,Servicio tradicional (D) ,Pago o depósito no aplicado total o parcialmente al producto o servicio ,'025911281196 ,'1081 ,,SI ,SI 
Operaciones de Servicios ,Domiciliación ,Servicio tradicional (D) ,Solicitud de cancelación de producto o servicio no atendida y/o no aplicada ,'025911281196 ,'1101 ,,SI ,
Operaciones de Servicios ,Domiciliación ,Servicio tradicional (D) ,Información para la cancelación de producto o servicio ,'025911281196 ,'1217 ,SI ,,
Operaciones de Servicios ,Domiciliación ,Servicio tradicional (D) ,Información para solicitar domiciliación ,'025911281196 ,'1226 ,SI ,,
Operaciones de Servicios ,Domiciliación ,Servicio tradicional (D) ,Inconformidad con la atención proporcionada por el personal de la Institución ,'025911281196 ,'1227 ,,SI ,
Operaciones de Servicios ,Información sobre productos y servicios financieros ,Información sobre productos y servicios financieros ,Orientación sobre el funcionamiento de productos y servicios financieros ,'025911291197 ,'1079 ,SI ,,
Operaciones de Servicios ,Orden de pago ,Servicio tradicional (OP) ,Solicitud para pago de giros y órdenes de pago no atendida ,'025911301198 ,'0870 ,,SI ,
Operaciones de Servicios ,Orden de pago ,Servicio tradicional (OP) ,Inconformidad con el monto en el cobro de impuestos ,'025911301198 ,'0987 ,,SI ,
Operaciones de Servicios ,Orden de pago ,Servicio tradicional (OP) ,"Modificación de comisiones sin aviso previo al Usuario, cliente y/o socio ",'025911301198 ,'1058 ,,SI ,
Operaciones de Servicios ,Orden de pago ,Servicio tradicional (OP) ,Orientación sobre el funcionamiento de productos y servicios financieros ,'025911301198 ,'1079 ,SI ,,
Operaciones de Servicios ,Orden de pago ,Servicio tradicional (OP) ,Pago o depósito no aplicado total o parcialmente al producto o servicio ,'025911301198 ,'1081 ,,SI ,SI 
Operaciones de Servicios ,Pago móvil ,Servicio Electrónico (PM) ,Transferencia electrónica no reconocida ,'025911311199 ,'0548 ,,SI ,
Operaciones de Servicios ,Pago móvil ,Servicio Electrónico (PM) ,Transferencia electrónica no aplicada ,'025911311199 ,'0729 ,,SI ,SI 
Operaciones de Servicios ,Pago móvil ,Servicio Electrónico (PM) ,No entrega de acuse de recepción de la aclaración ,'025911311199 ,'0770 ,,SI ,
Operaciones de Servicios ,Pago móvil ,Servicio Electrónico (PM) ,Inconformidad con el cobro de comisión no reconocida o no pactada en el contrato ,'025911311199 ,'0849 ,,SI ,
Operaciones de Servicios ,Pago móvil ,Servicio Electrónico (PM) ,Bloqueo o cancelación del producto o servicio sin previo aviso ,'025911311199 ,'0895 ,,SI ,
Operaciones de Servicios ,Pago móvil ,Servicio Electrónico (PM) ,Inconformidad con el cobro de los gastos financieros y/o accesorios establecidos ,'025911311199 ,'0965 ,,SI ,
Operaciones de Servicios ,Pago móvil ,Servicio Electrónico (PM) ,"Modificación de comisiones sin aviso previo al Usuario, cliente y/o socio ",'025911311199 ,'1058 ,,SI ,
Operaciones de Servicios ,Pago móvil ,Servicio Electrónico (PM) ,Orientación sobre el funcionamiento de productos y servicios financieros ,'025911311199 ,'1079 ,SI ,,
Operaciones de Servicios ,Pago móvil ,Servicio Electrónico (PM) ,Solicitud de cancelación de producto o servicio no atendida y/o no aplicada ,'025911311199 ,'1101 ,,SI ,
Operaciones de Servicios ,Pago móvil ,Servicio Electrónico (PM) ,Información para la cancelación de producto o servicio ,'025911311199 ,'1217 ,SI ,,
Operaciones de Servicios ,Pago móvil ,Servicio Electrónico (PM) ,Pago no acreditado ,'025911311199 ,'1238 ,,SI ,SI 
Operaciones de Servicios ,Servicio móvil ,Servicio Electrónico (SM) ,Transferencia electrónica no reconocida ,'025911321200 ,'0548 ,,SI ,
Operaciones de Servicios ,Servicio móvil ,Servicio Electrónico (SM) ,Transferencia electrónica no aplicada ,'025911321200 ,'0729 ,,SI ,SI 
Operaciones de Servicios ,Servicio móvil ,Servicio Electrónico (SM) ,No entrega de acuse de recepción de la aclaración ,'025911321200 ,'0770 ,,SI ,
Operaciones de Servicios ,Servicio móvil ,Servicio Electrónico (SM) ,Inconformidad con el cobro de comisión no reconocida o no pactada en el contrato ,'025911321200 ,'0849 ,,SI ,
Operaciones de Servicios ,Servicio móvil ,Servicio Electrónico (SM) ,Bloqueo o cancelación del producto o servicio sin previo aviso ,'025911321200 ,'0895 ,,SI ,
Operaciones de Servicios ,Servicio móvil ,Servicio Electrónico (SM) ,Inconformidad con el cobro de los gastos financieros y/o accesorios establecidos ,'025911321200 ,'0965 ,,SI ,
Operaciones de Servicios ,Servicio móvil ,Servicio Electrónico (SM) ,"Modificación de comisiones sin aviso previo al Usuario, cliente y/o socio ",'025911321200 ,'1058 ,,SI ,
Operaciones de Servicios ,Servicio móvil ,Servicio Electrónico (SM) ,Orientación sobre el funcionamiento de productos y servicios financieros ,'025911321200 ,'1079 ,SI ,,
Operaciones de Servicios ,Servicio móvil ,Servicio Electrónico (SM) ,Solicitud de cancelación de producto o servicio no atendida y/o no aplicada ,'025911321200 ,'1101 ,,SI ,
Operaciones de Servicios ,Servicio móvil ,Servicio Electrónico (SM) ,Información para la cancelación de producto o servicio ,'025911321200 ,'1217 ,SI ,,
Operaciones de Servicios ,Servicio móvil ,Servicio Electrónico (SM) ,Aceptación de promoción efectivo inmediato no reconocida ,'025911321200 ,'1247 ,,SI ,
Operaciones de Servicios ,Servicio móvil ,Servicio Electrónico (SM) ,Compra de tiempo aire no aplicada ,'025911321200 ,'1248 ,,SI ,SI 
Operaciones de Servicios ,Servicio móvil ,Servicio Electrónico (SM) ,Compra de tiempo aire no reconocida ,'025911321200 ,'1249 ,,SI ,
Operaciones de Servicios ,Servicio móvil ,Servicio Electrónico (SM) ,Envío y/o retiro de dinero móvil no reconocida ,'025911321200 ,'1250 ,,SI ,
Operaciones de Servicios ,Servicio por internet ,Servicio Electrónico (SI) ,Transferencia electrónica no reconocida ,'025911331201 ,'0548 ,,SI ,
Operaciones de Servicios ,Servicio por internet ,Servicio Electrónico (SI) ,Transferencia electrónica no aplicada ,'025911331201 ,'0729 ,,SI ,SI 
Operaciones de Servicios ,Servicio por internet ,Servicio Electrónico (SI) ,No entrega de acuse de recepción de la aclaración ,'025911331201 ,'0770 ,,SI ,
Operaciones de Servicios ,Servicio por internet ,Servicio Electrónico (SI) ,Inconformidad con el cobro de comisión no reconocida o no pactada en el contrato ,'025911331201 ,'0849 ,,SI ,
Operaciones de Servicios ,Servicio por internet ,Servicio Electrónico (SI) ,Bloqueo o cancelación del producto o servicio sin previo aviso ,'025911331201 ,'0895 ,,SI ,
Operaciones de Servicios ,Servicio por internet ,Servicio Electrónico (SI) ,Inconformidad con el cobro de los gastos financieros y/o accesorios establecidos ,'025911331201 ,'0965 ,,SI ,
Operaciones de Servicios ,Servicio por internet ,Servicio Electrónico (SI) ,"Inconformidad con el cobro de productos o servicios no contratados por el Usuario, cliente y/o socio ",'025911331201 ,'0967 ,,SI ,
Operaciones de Servicios ,Servicio por internet ,Servicio Electrónico (SI) ,"Modificación de comisiones sin aviso previo al Usuario, cliente y/o socio ",'025911331201 ,'1058 ,,SI ,
Operaciones de Servicios ,Servicio por internet ,Servicio Electrónico (SI) ,Orientación sobre el funcionamiento de productos y servicios financieros ,'025911331201 ,'1079 ,SI ,,
Operaciones de Servicios ,Servicio por internet ,Servicio Electrónico (SI) ,Solicitud de cancelación de producto o servicio no atendida y/o no aplicada ,'025911331201 ,'1101 ,,SI ,
Operaciones de Servicios ,Servicio por internet ,Servicio Electrónico (SI) ,Información para la cancelación de producto o servicio ,'025911331201 ,'1217 ,SI ,,
Operaciones de Servicios ,Servicio por internet ,Servicio Electrónico (SI) ,Seguimiento de Aclaración (estatus de su solicitud de aclaración) ,'025911331201 ,'1245 ,SI ,,
Operaciones de Servicios ,Servicios en sucursal y/o UNE ,Servicio tradicional (UNE) ,Incumplimiento en la entrega de documentos ,'025911341202 ,'0162 ,,SI ,
Operaciones de Servicios ,Servicios en sucursal y/o UNE ,Servicio tradicional (UNE) ,Entrega de billete falso y/o mutilado ,'025911341202 ,'0585 ,,SI ,
Operaciones de Servicios ,Servicios en sucursal y/o UNE ,Servicio tradicional (UNE) ,No entrega de acuse de recepción de la aclaración ,'025911341202 ,'0770 ,,SI ,
Operaciones de Servicios ,Servicios en sucursal y/o UNE ,Servicio tradicional (UNE) ,Bloqueo o cancelación del producto o servicio sin previo aviso ,'025911341202 ,'0895 ,,SI ,
Operaciones de Servicios ,Servicios en sucursal y/o UNE ,Servicio tradicional (UNE) ,"Inconformidad con el cobro de productos o servicios no contratados por el Usuario, cliente y/o socio ",'025911341202 ,'0967 ,,SI ,
Operaciones de Servicios ,Servicios en sucursal y/o UNE ,Servicio tradicional (UNE) ,"La Institución no puso a disposición del Usuario, cliente y/o socio el dictamen y la evidencia de su aclaración al término del plazo correspondiente (45 días naturales para operaciones en el país o 180 en el extranjero) ",'025911341202 ,'1055 ,,SI ,
Operaciones de Servicios ,Servicios en sucursal y/o UNE ,Servicio tradicional (UNE) ,"Modificación de comisiones sin aviso previo al Usuario, cliente y/o socio ",'025911341202 ,'1058 ,,SI ,
Operaciones de Servicios ,Servicios en sucursal y/o UNE ,Servicio tradicional (UNE) ,Orientación sobre el funcionamiento de productos y servicios financieros ,'025911341202 ,'1079 ,SI ,,
Operaciones de Servicios ,Servicios en sucursal y/o UNE ,Servicio tradicional (UNE) ,Inconformidad con la atención proporcionada por el personal de la Institución ,'025911341202 ,'1227 ,,SI ,
Operaciones de Servicios ,Servicios en sucursal y/o UNE ,Servicio tradicional (UNE) ,"Disposición de efectivo en ventanilla y/o sucursal no reconocida por el Usuario, cliente y/o socio ",'025911341202 ,'1236 ,,SI ,
Operaciones de Servicios ,Transmisión de dinero ,Servicio tradicional (TRD) ,Pago electrónico mal aplicado total o parcialmente ,'025911351203 ,'0533 ,,SI ,SI 
Operaciones de Servicios ,Transmisión de dinero ,Servicio tradicional (TRD) ,Orientación sobre el funcionamiento de productos y servicios financieros ,'025911351203 ,'1079 ,SI ,,
Operaciones de Servicios ,Transmisión de dinero ,Servicio tradicional (TRD) ,Pago o depósito no aplicado total o parcialmente al producto o servicio ,'025911351203 ,'1081 ,,SI ,SI 
Información sobre productos y servicios financieros ,Información sobre productos y servicios financieros ,Información sobre productos y servicios financieros ,Orientación sobre el funcionamiento de productos y servicios financieros ,'026711501224 ,'1079 ,SI ,,
Operaciones de Servicios ,Cajas de seguridad ,Servicio tradicional (CS) ,Negativa a cumplir con la conclusión anticipada establecida en el contrato ,'025911261194 ,'1064 ,,SI ,
